,,,,,,,ëæózåı,ëæózåı,ïóóÕ,ïóóÕ,,
DATE_TIME,ÉGÉäÉAé˘óvÅkMWhÅl,å¥éqóÕÅkMWhÅl,âŒóÕÅkMWhÅl,êÖóÕÅkMWhÅl,ínîMÅkMWhÅl,ÉoÉCÉIÉ}ÉXÅkMWhÅl,é¿ê—ÅkMWhÅl,ó}êßó ÅkMWhÅl,é¿ê—ÅkMWhÅl,ó}êßó ÅkMWhÅl,ógêÖìôÅkMWhÅl,òAånê¸ÅkMWhÅl
2020/1/1 0:00,9466,4142,6450,211,140,414,0,0,71,0,0,-1962
2020/1/1 1:00,9395,4144,6344,233,140,415,0,0,69,0,0,-1950
2020/1/1 2:00,9616,4143,6580,267,140,416,0,0,62,0,0,-1992
2020/1/1 3:00,9758,4144,6554,426,140,415,0,0,65,0,0,-1986
2020/1/1 4:00,9646,4142,6410,396,140,416,0,0,74,0,0,-1932
2020/1/1 5:00,9292,4145,6059,320,140,414,0,0,81,0,-1,-1866
2020/1/1 6:00,8837,4142,5507,281,139,414,0,0,94,0,102,-1842
2020/1/1 7:00,9183,4142,4939,235,140,412,136,0,101,0,942,-1864
2020/1/1 8:00,9573,4144,4415,258,140,416,1249,153,4,22,969,-2022
2020/1/1 9:00,8842,4144,3908,217,140,420,2649,356,1,31,-589,-2048
2020/1/1 10:00,8062,4144,2654,210,140,359,3952,526,0,30,-1461,-1936
2020/1/1 11:00,7585,4143,2482,206,140,355,4579,883,1,37,-2203,-2118
2020/1/1 12:00,7380,4144,2358,192,140,356,4378,1346,1,43,-2205,-1984
2020/1/1 13:00,7036,4145,2286,212,140,354,3997,1331,2,50,-2202,-1898
2020/1/1 14:00,6822,4144,2288,196,140,354,3583,717,2,49,-2079,-1806
2020/1/1 15:00,6957,4142,2448,220,140,394,2376,337,2,40,-969,-1796
2020/1/1 16:00,7683,4135,3146,268,140,428,890,0,26,0,484,-1834
2020/1/1 17:00,8840,4136,4892,489,140,428,19,0,52,0,776,-2092
2020/1/1 18:00,9469,4137,6038,712,140,417,0,0,71,0,116,-2162
2020/1/1 19:00,9519,4143,6195,693,140,413,0,0,69,0,20,-2154
2020/1/1 20:00,9541,4144,6252,613,140,415,0,0,67,0,64,-2154
2020/1/1 21:00,9430,4143,6250,325,140,412,0,0,59,0,147,-2046
2020/1/1 22:00,9189,4144,6192,221,140,410,0,0,55,0,91,-2064
2020/1/1 23:00,8905,4144,5943,207,140,412,0,0,53,0,20,-2014
2020/1/2 0:00,8457,4143,5448,183,140,413,0,0,57,0,21,-1948
2020/1/2 1:00,8423,4144,5240,212,140,414,0,0,75,0,152,-1954
2020/1/2 2:00,8753,4141,5299,286,140,413,0,0,72,0,376,-1974
2020/1/2 3:00,8998,4143,5199,356,140,410,0,0,67,0,657,-1974
2020/1/2 4:00,9007,4143,5121,361,140,414,0,0,51,0,701,-1924
2020/1/2 5:00,8724,4143,5120,304,140,414,0,0,63,0,374,-1834
2020/1/2 6:00,8509,4142,4894,277,140,412,0,0,61,0,427,-1844
2020/1/2 7:00,8910,4142,4413,347,140,410,118,0,59,0,1161,-1880
2020/1/2 8:00,9281,4143,3815,240,140,417,1126,106,54,0,1286,-1940
2020/1/2 9:00,8808,4144,3393,229,140,427,2429,251,56,0,-60,-1950
2020/1/2 10:00,8277,4143,2405,198,140,389,3560,374,67,0,-1183,-1442
2020/1/2 11:00,7900,4143,2337,206,140,354,3933,737,51,0,-1406,-1858
2020/1/2 12:00,7765,4143,2313,224,140,354,3901,1165,45,0,-1471,-1884
2020/1/2 13:00,7400,4142,2309,186,140,354,3817,1158,34,0,-1738,-1844
2020/1/2 14:00,7202,4143,2300,207,140,361,3345,694,34,0,-1508,-1820
2020/1/2 15:00,7250,4143,3018,191,140,417,2188,245,37,0,-1102,-1782
2020/1/2 16:00,7899,4143,3934,245,140,428,764,0,37,0,44,-1836
2020/1/2 17:00,8927,4136,4818,415,140,426,20,0,47,0,987,-2062
2020/1/2 18:00,9509,4134,6053,699,140,417,0,0,58,0,198,-2190
2020/1/2 19:00,9446,4134,6179,694,140,412,0,0,58,0,7,-2178
2020/1/2 20:00,9371,4145,6222,471,140,413,0,0,50,0,90,-2160
2020/1/2 21:00,9169,4145,6206,312,140,413,0,0,52,0,47,-2146
2020/1/2 22:00,8852,4144,5931,243,140,411,0,0,54,0,-5,-2066
2020/1/2 23:00,8509,4145,5556,198,140,414,0,0,62,0,-2,-2004
2020/1/3 0:00,8080,4142,5097,206,141,414,0,0,67,0,-5,-1982
2020/1/3 1:00,8098,4144,4888,192,141,415,0,0,60,0,224,-1966
2020/1/3 2:00,8514,4144,4898,252,141,414,0,0,53,0,604,-1992
2020/1/3 3:00,8826,4143,4922,324,141,413,0,0,61,0,814,-1992
2020/1/3 4:00,8847,4143,4911,311,141,413,0,0,58,0,802,-1932
2020/1/3 5:00,8566,4144,4918,300,141,413,0,0,71,0,449,-1870
2020/1/3 6:00,8293,4145,4845,262,141,411,0,0,72,0,275,-1858
2020/1/3 7:00,8605,4145,4464,331,141,410,77,0,73,0,862,-1898
2020/1/3 8:00,9048,4145,3845,290,141,417,783,0,69,0,1334,-1976
2020/1/3 9:00,9128,4144,3710,217,141,428,1631,0,82,0,649,-1874
2020/1/3 10:00,8783,4144,2901,217,141,389,2572,0,87,0,26,-1694
2020/1/3 11:00,8455,4146,2546,189,141,353,3339,0,102,0,-485,-1876
2020/1/3 12:00,8203,4144,2303,196,141,355,3974,0,107,0,-1161,-1856
2020/1/3 13:00,7846,4146,2269,196,140,353,3931,0,105,0,-1496,-1798
2020/1/3 14:00,7586,4142,2279,186,138,360,3253,0,140,0,-1114,-1798
2020/1/3 15:00,7649,4145,3148,224,141,407,2033,0,153,0,-786,-1816
2020/1/3 16:00,8121,4137,3993,233,141,410,717,0,139,0,233,-1882
2020/1/3 17:00,9219,4139,5248,424,141,408,30,0,107,0,798,-2076
2020/1/3 18:00,9754,4141,6008,705,141,410,1,0,87,0,423,-2162
2020/1/3 19:00,9735,4141,6184,671,141,412,0,0,89,0,283,-2186
2020/1/3 20:00,9609,4147,6265,457,141,411,0,0,98,0,250,-2160
2020/1/3 21:00,9345,4146,6202,245,140,410,0,0,85,0,231,-2114
2020/1/3 22:00,8943,4146,5996,223,141,407,0,0,93,0,-7,-2056
2020/1/3 23:00,8580,4147,5594,204,141,411,0,0,104,0,-11,-2010
2020/1/4 0:00,8136,4150,5147,183,142,410,0,0,89,0,-3,-1982
2020/1/4 1:00,8234,4145,5188,205,142,412,0,0,80,0,-2,-1936
2020/1/4 2:00,8704,4147,5619,238,142,411,0,0,80,0,21,-1954
2020/1/4 3:00,9029,4147,5919,322,142,413,0,0,76,0,4,-1994
2020/1/4 4:00,9077,4145,5932,346,142,410,0,0,62,0,-42,-1918
2020/1/4 5:00,8863,4146,5681,270,142,410,0,0,68,0,2,-1856
2020/1/4 6:00,8813,4144,5609,276,142,409,0,0,87,0,0,-1854
2020/1/4 7:00,9386,4146,6030,262,142,408,99,0,98,0,51,-1850
2020/1/4 8:00,9868,4145,5913,306,142,404,993,156,81,0,288,-2404
2020/1/4 9:00,9498,4150,4696,275,142,405,2271,403,61,0,-96,-2406
2020/1/4 10:00,8854,4145,3221,185,142,372,3547,626,68,0,-424,-2402
2020/1/4 11:00,8488,4146,2575,197,142,350,4395,771,69,0,-1048,-2338
2020/1/4 12:00,8230,4146,2410,179,142,351,4690,829,94,0,-1496,-2286
2020/1/4 13:00,7984,4145,2446,188,142,352,4369,781,118,0,-1490,-2286
2020/1/4 14:00,7787,4147,2695,190,142,351,3458,622,147,0,-1065,-2278
2020/1/4 15:00,7964,4146,3352,192,142,384,2191,408,183,0,-346,-2280
2020/1/4 16:00,8644,4145,5410,246,142,404,884,0,205,0,-380,-2412
2020/1/4 17:00,9653,4139,6615,436,142,407,27,0,194,0,227,-2534
2020/1/4 18:00,10267,4138,6869,685,142,408,0,0,202,0,365,-2542
2020/1/4 19:00,10201,4144,6836,632,142,409,0,0,203,0,409,-2574
2020/1/4 20:00,10036,4144,6820,414,142,409,0,0,204,0,451,-2548
2020/1/4 21:00,9712,4147,6802,269,142,410,0,0,176,0,184,-2418
2020/1/4 22:00,9233,4146,6481,216,142,406,0,0,168,0,-10,-2316
2020/1/4 23:00,8831,4148,6036,197,142,410,0,0,137,0,-7,-2232
2020/1/5 0:00,8398,4148,5630,188,142,404,0,0,132,0,2,-2248
2020/1/5 1:00,8501,4146,5753,180,142,403,0,0,127,0,6,-2256
2020/1/5 2:00,8959,4145,6221,226,142,403,0,0,111,0,-3,-2286
2020/1/5 3:00,9286,4146,6349,295,142,407,0,0,95,0,150,-2298
2020/1/5 4:00,9355,4148,6355,318,142,408,0,0,88,0,148,-2252
2020/1/5 5:00,9080,4146,6233,280,142,410,0,0,82,0,1,-2214
2020/1/5 6:00,8886,4147,6085,283,142,409,0,0,72,0,-4,-2248
2020/1/5 7:00,9293,4145,6224,337,142,410,103,0,57,0,177,-2302
2020/1/5 8:00,9682,4148,5832,235,142,408,1100,109,35,0,200,-2418
2020/1/5 9:00,9289,4147,4778,218,142,406,2508,273,23,0,-483,-2450
2020/1/5 10:00,8605,4146,3304,200,142,373,3721,410,16,0,-1033,-2264
2020/1/5 11:00,8444,4147,2576,174,142,351,4471,483,19,0,-1080,-2356
2020/1/5 12:00,8280,4146,2480,187,142,350,4671,502,10,0,-1382,-2324
2020/1/5 13:00,7987,4148,2507,173,142,350,4535,490,6,0,-1588,-2286
2020/1/5 14:00,7783,4147,2517,181,142,349,3816,428,7,0,-1072,-2304
2020/1/5 15:00,7828,4145,2991,187,142,381,2408,277,13,0,-183,-2256
2020/1/5 16:00,8536,4138,3891,211,142,404,903,0,17,0,1200,-2370
2020/1/5 17:00,9815,4138,6152,427,142,407,27,0,21,0,859,-2358
2020/1/5 18:00,10484,4146,7107,750,142,407,0,0,19,0,343,-2430
2020/1/5 19:00,10528,4137,7114,645,142,409,0,0,19,0,448,-2386
2020/1/5 20:00,10382,4144,7069,352,142,410,0,0,17,0,548,-2300
2020/1/5 21:00,9971,4144,7023,228,142,407,0,0,25,0,196,-2194
2020/1/5 22:00,9517,4145,6832,193,142,405,0,0,37,0,45,-2282
2020/1/5 23:00,9031,4144,6339,188,142,410,0,0,30,0,38,-2260
2020/1/6 0:00,8541,4144,6288,184,142,408,0,0,26,0,-413,-2238
2020/1/6 1:00,8579,4144,6284,181,142,408,0,0,29,0,-351,-2258
2020/1/6 2:00,9071,4144,6709,184,142,406,0,0,31,0,-265,-2280
2020/1/6 3:00,9427,4147,6809,221,142,409,0,0,41,0,-80,-2262
2020/1/6 4:00,9582,4143,6916,219,142,408,0,0,40,0,-188,-2098
2020/1/6 5:00,9669,4145,6923,242,142,407,0,0,40,0,-290,-1940
2020/1/6 6:00,10167,4147,7003,338,142,406,0,0,44,0,-163,-1750
2020/1/6 7:00,11047,4147,7061,415,142,406,63,0,45,0,746,-1978
2020/1/6 8:00,11709,4145,7275,297,142,409,662,0,35,0,1018,-2274
2020/1/6 9:00,11896,4145,7482,204,141,416,1551,0,37,0,706,-2786
2020/1/6 10:00,11680,4144,6968,189,141,416,2326,0,33,0,221,-2758
2020/1/6 11:00,11588,4144,7018,177,141,421,2248,0,38,0,111,-2710
2020/1/6 12:00,10915,4146,6694,162,141,424,2462,0,36,0,-394,-2756
2020/1/6 13:00,11117,4146,6838,170,141,422,2378,0,31,0,-399,-2610
2020/1/6 14:00,11077,4146,7249,159,141,418,1363,0,25,0,234,-2658
2020/1/6 15:00,11033,4147,7654,165,142,419,796,0,24,0,348,-2662
2020/1/6 16:00,11366,4148,8336,179,142,420,294,0,27,0,480,-2660
2020/1/6 17:00,11671,4146,8568,608,142,420,12,0,38,0,547,-2810
2020/1/6 18:00,11862,4138,8468,748,142,424,0,0,53,0,633,-2744
2020/1/6 19:00,11548,4138,8446,567,142,426,0,0,73,0,458,-2702
2020/1/6 20:00,11125,4140,8376,383,142,424,0,0,87,0,223,-2650
2020/1/6 21:00,10513,4147,8041,202,142,422,0,0,99,0,8,-2548
2020/1/6 22:00,9992,4147,7577,155,142,420,0,0,117,0,-136,-2430
2020/1/6 23:00,9419,4147,7528,176,142,423,0,0,123,0,-818,-2302
2020/1/7 0:00,8789,4146,7053,157,141,426,0,0,139,0,-1105,-2168
2020/1/7 1:00,8719,4147,6892,159,141,424,0,0,149,0,-1019,-2174
2020/1/7 2:00,9210,4147,7413,178,141,425,0,0,160,0,-1028,-2226
2020/1/7 3:00,9574,4147,7458,171,141,425,0,0,159,0,-669,-2258
2020/1/7 4:00,9708,4145,7453,196,141,427,0,0,167,0,-583,-2238
2020/1/7 5:00,9580,4148,7327,195,141,426,0,0,165,0,-564,-2258
2020/1/7 6:00,9740,4148,7218,247,141,428,0,0,168,0,-288,-2322
2020/1/7 7:00,10291,4146,7519,304,139,427,19,0,186,0,51,-2500
2020/1/7 8:00,10935,4146,7596,313,138,421,295,0,188,0,490,-2652
2020/1/7 9:00,11338,4146,7622,289,138,420,781,0,178,0,546,-2782
2020/1/7 10:00,11091,4148,7409,167,138,421,1444,0,168,0,-26,-2778
2020/1/7 11:00,10931,4147,7299,150,138,422,2135,0,186,0,-822,-2724
2020/1/7 12:00,10145,4148,6721,163,138,428,1954,0,192,0,-969,-2630
2020/1/7 13:00,10389,4145,6913,153,138,423,1724,0,182,0,-621,-2668
2020/1/7 14:00,10436,4144,7237,163,138,421,1351,0,191,0,-561,-2648
2020/1/7 15:00,10330,4146,7479,156,138,423,802,0,191,0,-363,-2642
2020/1/7 16:00,10411,4140,7672,170,138,422,426,0,182,0,-33,-2706
2020/1/7 17:00,10625,4138,7520,625,138,424,20,0,195,0,395,-2830
2020/1/7 18:00,10815,4137,7431,732,138,428,0,0,212,0,579,-2842
2020/1/7 19:00,10545,4140,7335,428,138,428,0,0,233,0,461,-2618
2020/1/7 20:00,10074,4146,7281,294,138,427,0,0,259,0,67,-2538
2020/1/7 21:00,9570,4144,7283,202,138,428,0,0,248,0,-281,-2592
2020/1/7 22:00,9188,4146,6785,193,138,426,0,0,250,0,-306,-2444
2020/1/7 23:00,8745,4144,6507,174,138,427,0,0,264,0,-609,-2300
2020/1/8 0:00,8270,4144,6451,166,136,426,0,0,295,0,-1170,-2178
2020/1/8 1:00,8281,4144,6436,161,135,426,0,0,282,0,-1107,-2196
2020/1/8 2:00,8776,4140,6322,170,135,425,0,0,278,0,-442,-2252
2020/1/8 3:00,9174,4143,6260,191,135,428,0,0,269,0,0,-2252
2020/1/8 4:00,9240,4140,6311,184,135,426,0,0,280,0,0,-2236
2020/1/8 5:00,9034,4143,6097,202,135,427,0,0,270,0,0,-2240
2020/1/8 6:00,9251,4141,6336,283,135,430,0,0,274,0,0,-2348
2020/1/8 7:00,9833,4144,6872,389,135,424,49,0,272,0,0,-2452
2020/1/8 8:00,10417,4140,7214,324,135,419,560,0,282,0,27,-2684
2020/1/8 9:00,10721,4143,6884,289,135,417,1359,0,282,0,0,-2788
2020/1/8 10:00,10492,4143,5927,235,135,417,2246,0,283,0,-24,-2870
2020/1/8 11:00,10559,4142,5222,235,135,424,3060,0,296,0,-269,-2686
2020/1/8 12:00,10133,4145,4165,229,134,427,3554,0,292,0,-121,-2692
2020/1/8 13:00,10359,4089,4373,225,135,424,3726,0,293,0,-302,-2604
2020/1/8 14:00,10240,4080,5008,232,135,422,3007,0,300,0,-290,-2654
2020/1/8 15:00,10186,4102,5671,227,135,423,2128,0,291,0,-153,-2638
2020/1/8 16:00,10628,4127,6780,256,135,422,730,0,278,0,552,-2652
2020/1/8 17:00,11168,4139,7811,605,135,424,28,0,260,0,590,-2824
2020/1/8 18:00,11551,4137,7791,689,135,422,0,0,238,0,903,-2764
2020/1/8 19:00,11314,4139,7501,450,135,420,0,0,223,0,960,-2514
2020/1/8 20:00,10914,4141,7353,360,135,420,0,0,208,0,563,-2266
2020/1/8 21:00,10420,4146,7126,285,135,419,0,0,193,0,150,-2034
2020/1/8 22:00,9934,4145,7075,245,135,419,0,0,175,0,-96,-2164
2020/1/8 23:00,9356,4145,6733,227,135,422,0,0,165,0,-309,-2162
2020/1/9 0:00,8795,4146,6297,198,136,422,0,0,138,0,-416,-2126
2020/1/9 1:00,8745,4144,6452,212,137,421,0,0,136,0,-581,-2176
2020/1/9 2:00,9244,4148,6685,220,137,422,0,0,116,0,-266,-2218
2020/1/9 3:00,9738,4144,6832,221,137,425,0,0,109,0,0,-2130
2020/1/9 4:00,9887,4146,6623,215,137,428,0,0,122,0,0,-1784
2020/1/9 5:00,9962,4145,6805,240,137,426,0,0,128,0,-225,-1694
2020/1/9 6:00,10203,4144,7131,343,137,427,0,0,118,0,-115,-1982
2020/1/9 7:00,10749,4145,7391,577,137,424,88,0,106,0,153,-2272
2020/1/9 8:00,11159,4146,7235,282,137,419,1005,0,85,0,408,-2558
2020/1/9 9:00,11022,4146,6354,244,137,403,2377,0,54,0,77,-2770
2020/1/9 10:00,10460,4146,5511,183,137,392,3594,0,45,0,-734,-2814
2020/1/9 11:00,10244,4146,4317,180,137,354,4710,0,39,0,-899,-2740
2020/1/9 12:00,9769,4147,4159,169,137,345,5029,215,33,0,-1546,-2704
2020/1/9 13:00,9760,4148,4206,178,136,346,4505,324,33,0,-926,-2866
2020/1/9 14:00,9762,4144,4406,174,137,380,3354,130,42,0,-217,-2658
2020/1/9 15:00,9875,4145,5104,176,137,415,1905,0,42,0,575,-2624
2020/1/9 16:00,10498,4136,6480,196,137,420,621,0,64,0,1180,-2736
2020/1/9 17:00,11143,4136,8072,473,137,422,27,0,79,0,571,-2774
2020/1/9 18:00,11517,4141,8234,739,137,424,0,0,77,0,555,-2790
2020/1/9 19:00,11244,4145,7981,538,137,423,0,0,90,0,566,-2636
2020/1/9 20:00,10868,4146,7730,344,136,419,0,0,99,0,508,-2514
2020/1/9 21:00,10395,4146,7350,241,137,422,0,0,73,0,344,-2318
2020/1/9 22:00,9879,4149,7158,177,137,421,0,0,73,0,0,-2236
2020/1/9 23:00,9382,4146,6847,184,137,420,0,0,95,0,-157,-2290
2020/1/10 0:00,8821,4146,6514,161,137,422,0,0,111,0,-492,-2178
2020/1/10 1:00,8781,4147,6523,169,137,421,0,0,96,0,-536,-2176
2020/1/10 2:00,9276,4146,6860,169,137,420,0,0,85,0,-307,-2234
2020/1/10 3:00,9800,4147,7048,185,137,420,0,0,85,0,-192,-2030
2020/1/10 4:00,10074,4148,6931,200,137,423,0,0,79,0,0,-1844
2020/1/10 5:00,10210,4146,7174,236,137,423,0,0,64,0,14,-1984
2020/1/10 6:00,10710,4145,7481,332,137,425,0,0,56,0,430,-2296
2020/1/10 7:00,11269,4148,7687,530,137,425,91,0,47,0,716,-2512
2020/1/10 8:00,11555,4148,7337,279,137,420,1192,0,44,0,672,-2674
2020/1/10 9:00,11036,4148,6306,186,137,418,2746,0,23,0,-112,-2816
2020/1/10 10:00,10484,4147,4496,174,137,408,4211,0,13,0,-340,-2762
2020/1/10 11:00,10295,4149,3363,164,137,352,5171,0,10,0,-377,-2674
2020/1/10 12:00,9731,4147,3134,152,137,347,5400,0,11,0,-983,-2614
2020/1/10 13:00,9905,4147,3585,162,137,344,5193,0,13,0,-1036,-2640
2020/1/10 14:00,9694,4149,4370,167,137,383,4269,0,9,0,-1124,-2666
2020/1/10 15:00,9674,4145,5952,150,137,419,2732,0,6,0,-1195,-2672
2020/1/10 16:00,10288,4148,7497,164,137,421,959,0,6,0,-318,-2726
2020/1/10 17:00,10861,4140,8080,394,137,425,46,0,8,0,349,-2718
2020/1/10 18:00,11496,4140,8146,718,137,427,0,0,16,0,756,-2844
2020/1/10 19:00,11322,4141,8143,525,137,425,0,0,10,0,697,-2756
2020/1/10 20:00,10997,4147,8035,288,137,425,0,0,7,0,528,-2570
2020/1/10 21:00,10561,4150,7613,197,137,424,0,0,12,0,522,-2494
2020/1/10 22:00,10181,4147,7302,165,137,421,0,0,14,0,333,-2338
2020/1/10 23:00,9707,4149,7065,168,137,424,0,0,15,0,-1,-2250
2020/1/11 0:00,9135,4147,6920,158,139,419,0,0,9,0,-425,-2232
2020/1/11 1:00,9101,4147,6757,169,139,418,0,0,10,0,-289,-2250
2020/1/11 2:00,9515,4148,6936,183,139,418,0,0,3,0,-24,-2288
2020/1/11 3:00,9884,4147,6969,172,139,420,0,0,0,0,243,-2206
2020/1/11 4:00,9953,4147,6791,179,139,419,0,0,1,0,129,-1852
2020/1/11 5:00,9744,4147,6859,213,138,421,0,0,2,0,0,-2036
2020/1/11 6:00,9739,4148,6910,256,139,420,0,0,4,0,0,-2138
2020/1/11 7:00,10140,4147,7089,452,139,417,27,0,5,0,120,-2256
2020/1/11 8:00,10692,4147,7065,458,139,413,411,0,6,0,289,-2236
2020/1/11 9:00,10818,4148,6658,225,139,418,1099,0,6,0,135,-2010
2020/1/11 10:00,10529,4151,5819,175,139,414,1814,0,5,0,2,-1990
2020/1/11 11:00,9992,4152,4780,168,139,417,2865,0,8,0,-237,-2300
2020/1/11 12:00,9293,4151,3800,159,139,421,4797,0,7,0,-1627,-2554
2020/1/11 13:00,8894,4152,2819,170,139,418,4905,0,5,0,-1462,-2252
2020/1/11 14:00,8670,4149,3067,173,139,418,3959,0,3,0,-1056,-2182
2020/1/11 15:00,8690,4150,4077,156,139,414,2266,0,4,0,-308,-2208
2020/1/11 16:00,9295,4145,6037,182,139,417,654,0,3,0,20,-2302
2020/1/11 17:00,10036,4145,6737,481,139,417,26,0,2,0,617,-2528
2020/1/11 18:00,10534,4141,6934,681,139,419,0,0,1,0,697,-2478
2020/1/11 19:00,10378,4146,6956,494,139,419,0,0,3,0,657,-2436
2020/1/11 20:00,10045,4145,6959,272,139,420,0,0,1,0,467,-2358
2020/1/11 21:00,9645,4144,6814,180,139,419,0,0,5,0,190,-2246
2020/1/11 22:00,9314,4145,6665,163,139,418,0,0,6,0,0,-2222
2020/1/11 23:00,8924,4148,6397,166,139,417,0,0,7,0,-94,-2256
2020/1/12 0:00,8419,4148,6089,157,139,416,0,0,13,0,-281,-2262
2020/1/12 1:00,8382,4149,6038,161,136,417,0,0,12,0,-287,-2244
2020/1/12 2:00,8843,4149,6233,197,136,419,0,0,21,0,-38,-2274
2020/1/12 3:00,9253,4147,6345,348,136,419,0,0,26,0,0,-2168
2020/1/12 4:00,9372,4145,6185,333,136,420,0,0,41,0,114,-2002
2020/1/12 5:00,9052,4150,5972,246,136,419,0,0,55,0,0,-1926
2020/1/12 6:00,8665,4145,5919,202,136,417,0,0,60,0,0,-2214
2020/1/12 7:00,8915,4149,5926,191,136,416,9,0,74,0,0,-1986
2020/1/12 8:00,9366,4147,6175,187,136,416,205,0,110,0,54,-2064
2020/1/12 9:00,9709,4150,6199,179,136,417,666,0,140,0,56,-2234
2020/1/12 10:00,9747,4147,5938,164,136,419,1127,0,186,0,0,-2370
2020/1/12 11:00,9641,4147,5329,163,136,419,1047,0,221,0,511,-2332
2020/1/12 12:00,9635,4146,4968,151,136,419,1564,0,260,0,295,-2304
2020/1/12 13:00,9271,4146,5171,164,136,415,1750,0,257,0,-496,-2272
2020/1/12 14:00,9097,4148,5397,165,136,413,1651,0,273,0,-926,-2160
2020/1/12 15:00,9022,4147,5779,154,136,408,1105,0,275,0,-702,-2280
2020/1/12 16:00,9472,4138,6410,183,136,406,556,0,277,0,-436,-2198
2020/1/12 17:00,10404,4147,7241,411,136,406,32,0,265,0,190,-2424
2020/1/12 18:00,10967,4141,7294,648,136,406,0,0,250,0,436,-2344
2020/1/12 19:00,10815,4143,6915,558,136,409,0,0,249,0,725,-2320
2020/1/12 20:00,10590,4150,6782,383,136,410,0,0,240,0,851,-2362
2020/1/12 21:00,10207,4147,6779,213,136,409,0,0,250,0,505,-2232
2020/1/12 22:00,9678,4149,6733,179,136,408,0,0,230,0,87,-2244
2020/1/12 23:00,9185,4148,6416,158,136,407,0,0,222,0,-190,-2112
2020/1/13 0:00,8625,4152,6047,150,135,407,0,0,230,0,-634,-1862
2020/1/13 1:00,8596,4150,5874,162,135,408,0,0,222,0,-503,-1852
2020/1/13 2:00,9045,4149,6377,182,135,408,0,0,218,0,-198,-2226
2020/1/13 3:00,9535,4149,6684,216,135,406,0,0,219,0,0,-2274
2020/1/13 4:00,9653,4149,6523,299,135,404,0,0,219,0,0,-2076
2020/1/13 5:00,9560,4147,6524,253,135,406,0,0,225,0,0,-2130
2020/1/13 6:00,9577,4147,6470,241,135,407,0,0,218,0,-73,-1968
2020/1/13 7:00,10059,4150,6732,227,135,403,86,0,215,0,35,-1924
2020/1/13 8:00,10634,4147,6714,209,135,399,979,0,179,0,52,-2180
2020/1/13 9:00,10589,4149,5680,176,135,403,2254,0,160,0,0,-2368
2020/1/13 10:00,10355,4150,4306,161,135,365,3307,0,154,0,-229,-1994
2020/1/13 11:00,10219,4149,3874,153,135,326,3809,0,155,0,-56,-2326
2020/1/13 12:00,10054,4148,3925,144,135,328,4146,0,158,0,-612,-2318
2020/1/13 13:00,9789,4148,4285,153,135,323,3935,0,148,0,-1056,-2282
2020/1/13 14:00,9638,4149,5050,155,135,346,3322,0,155,0,-1386,-2288
2020/1/13 15:00,9670,4149,5815,146,135,372,2313,0,147,0,-1119,-2288
2020/1/13 16:00,10164,4143,6839,168,135,366,865,0,116,0,-126,-2342
2020/1/13 17:00,11247,4147,7883,417,135,356,46,0,106,0,689,-2532
2020/1/13 18:00,11849,4142,8311,685,135,358,0,0,86,0,782,-2650
2020/1/13 19:00,11728,4143,8490,601,135,359,0,0,95,0,525,-2620
2020/1/13 20:00,11528,4149,8482,394,137,357,0,0,71,0,434,-2496
2020/1/13 21:00,11007,4148,8315,179,139,357,0,0,54,0,107,-2292
2020/1/13 22:00,10392,4149,7646,153,139,358,0,0,48,0,-21,-2080
2020/1/13 23:00,9792,4148,7650,158,139,357,0,0,50,0,-500,-2210
2020/1/14 0:00,9310,4151,7545,147,140,357,0,0,62,0,-950,-2142
2020/1/14 1:00,9352,4147,7391,156,141,356,0,0,74,0,-1057,-1856
2020/1/14 2:00,9793,4148,7396,168,141,354,0,0,66,0,-500,-1980
2020/1/14 3:00,10219,4151,7525,170,141,355,0,0,56,0,-323,-1856
2020/1/14 4:00,10350,4146,7504,197,141,357,0,0,60,0,-235,-1820
2020/1/14 5:00,10499,4147,7630,211,141,356,0,0,49,0,-289,-1746
2020/1/14 6:00,11177,4150,8091,251,141,354,0,0,24,0,220,-2054
2020/1/14 7:00,11937,4148,8519,295,141,352,25,0,18,0,181,-1742
2020/1/14 8:00,12606,4151,8930,486,141,355,219,0,3,0,755,-2434
2020/1/14 9:00,13028,4147,8644,262,140,354,448,0,3,0,1288,-2258
2020/1/14 10:00,12924,4149,8717,176,138,352,659,0,5,0,952,-2224
2020/1/14 11:00,12851,4149,8856,172,140,353,733,0,5,0,463,-2020
2020/1/14 12:00,12297,4150,8371,144,139,359,820,0,5,0,77,-1768
2020/1/14 13:00,12523,4083,8908,147,140,354,1053,0,20,0,102,-2284
2020/1/14 14:00,12491,4061,8736,157,139,352,846,0,30,0,12,-1842
2020/1/14 15:00,12465,4089,9379,160,139,350,563,0,50,0,107,-2372
2020/1/14 16:00,12707,4119,9677,179,140,356,261,0,84,0,587,-2696
2020/1/14 17:00,13106,4136,9777,489,140,356,15,0,98,0,779,-2684
2020/1/14 18:00,13380,4140,9796,634,140,358,0,0,98,0,852,-2638
2020/1/14 19:00,12997,4144,9737,417,140,356,0,0,78,0,703,-2578
2020/1/14 20:00,12479,4148,9747,332,140,356,0,0,63,0,339,-2646
2020/1/14 21:00,11858,4151,9431,174,140,356,0,0,78,0,28,-2500
2020/1/14 22:00,11187,4147,8686,165,140,354,0,0,97,0,0,-2402
2020/1/14 23:00,10585,4150,8448,159,140,358,0,0,106,0,-478,-2298
2020/1/15 0:00,10020,4150,8395,151,141,362,0,0,108,0,-1377,-1910
2020/1/15 1:00,9927,4146,8682,173,141,361,0,0,130,0,-1530,-2176
2020/1/15 2:00,10365,4151,8700,184,141,360,0,0,111,0,-1352,-1930
2020/1/15 3:00,10734,4149,8653,171,140,360,0,0,111,0,-980,-1870
2020/1/15 4:00,10931,4148,8703,188,141,362,0,0,119,0,-892,-1838
2020/1/15 5:00,11134,4147,8807,214,141,363,0,0,109,0,-907,-1740
2020/1/15 6:00,11820,4147,9126,260,141,364,0,0,103,0,-49,-2272
2020/1/15 7:00,12613,4148,9276,480,141,365,87,0,109,0,513,-2506
2020/1/15 8:00,13034,4147,9304,264,141,362,942,0,106,0,436,-2668
2020/1/15 9:00,12941,4151,8618,174,141,357,2086,0,92,0,66,-2744
2020/1/15 10:00,12449,4149,7158,150,141,357,3186,0,86,0,0,-2778
2020/1/15 11:00,12180,4152,6584,150,138,359,3686,0,77,0,-272,-2694
2020/1/15 12:00,11405,4150,6090,137,137,361,3724,0,77,0,-637,-2634
2020/1/15 13:00,11571,4149,6463,145,137,358,3557,0,66,0,-686,-2618
2020/1/15 14:00,11421,4151,6880,150,137,353,2665,0,44,0,-315,-2644
2020/1/15 15:00,11472,4150,7669,144,137,354,1669,0,51,0,-56,-2646
2020/1/15 16:00,11978,4142,9116,179,137,357,703,0,54,0,0,-2710
2020/1/15 17:00,12546,4148,9716,375,137,347,44,0,66,0,527,-2814
2020/1/15 18:00,13190,4144,9781,614,137,344,0,0,82,0,712,-2624
2020/1/15 19:00,13007,4140,9782,454,137,350,0,0,75,0,549,-2480
2020/1/15 20:00,12635,4150,9762,294,137,357,0,0,65,0,394,-2524
2020/1/15 21:00,12067,4149,9594,175,137,356,0,0,39,0,99,-2482
2020/1/15 22:00,11253,4149,8742,145,136,350,0,0,25,0,0,-2294
2020/1/15 23:00,10727,4146,8030,139,137,359,0,0,19,0,-33,-2070
2020/1/16 0:00,10153,4150,7856,153,137,359,0,0,14,0,-932,-1584
2020/1/16 1:00,9978,4150,8163,151,137,355,0,0,13,0,-1289,-1702
2020/1/16 2:00,10382,4148,8218,148,137,356,0,0,13,0,-864,-1774
2020/1/16 3:00,10634,4146,8210,169,137,358,0,0,14,0,-478,-1922
2020/1/16 4:00,10723,4149,7968,174,137,360,0,0,17,0,-186,-1896
2020/1/16 5:00,10879,4150,7829,194,137,358,0,0,17,0,0,-1806
2020/1/16 6:00,11569,4147,8964,255,137,360,0,0,12,0,28,-2334
2020/1/16 7:00,12334,4147,9331,458,137,355,49,0,14,0,133,-2290
2020/1/16 8:00,13040,4147,9215,296,137,354,461,0,9,0,533,-2112
2020/1/16 9:00,13297,4149,9172,206,137,353,983,0,6,0,853,-2562
2020/1/16 10:00,12976,4150,8569,151,136,349,1747,0,7,0,69,-2202
2020/1/16 11:00,12654,4147,8124,149,136,353,1835,0,1,0,-1,-2090
2020/1/16 12:00,12144,4148,8097,139,138,354,1688,0,1,0,-575,-1846
2020/1/16 13:00,12263,4150,8324,146,137,352,1528,0,3,0,-315,-2062
2020/1/16 14:00,12064,4147,8502,140,138,350,1450,0,5,0,-28,-2640
2020/1/16 15:00,11949,4150,8763,149,138,351,1017,0,11,0,0,-2630
2020/1/16 16:00,12321,4147,9573,166,138,350,434,0,11,0,64,-2562
2020/1/16 17:00,12861,4143,9752,390,138,354,27,0,10,0,453,-2406
2020/1/16 18:00,13284,4140,9763,665,138,356,0,0,5,0,521,-2304
2020/1/16 19:00,12941,4143,9766,468,138,356,0,0,5,0,401,-2336
2020/1/16 20:00,12400,4148,9721,223,137,353,0,0,7,0,263,-2452
2020/1/16 21:00,11779,4145,9479,162,138,357,0,0,20,0,26,-2548
2020/1/16 22:00,11052,4148,8661,155,138,355,0,0,21,0,0,-2426
2020/1/16 23:00,10406,4149,7896,142,138,355,0,0,23,0,-63,-2234
2020/1/17 0:00,9761,4151,7787,157,137,357,0,0,27,0,-1041,-1814
2020/1/17 1:00,9630,4149,7713,157,136,355,0,0,31,0,-1133,-1778
2020/1/17 2:00,10079,4149,7732,151,136,356,0,0,32,0,-695,-1782
2020/1/17 3:00,10476,4148,7908,156,136,356,0,0,34,0,-340,-1922
2020/1/17 4:00,10632,4146,7920,180,136,357,0,0,44,0,-283,-1868
2020/1/17 5:00,10747,4146,7934,175,136,357,0,0,48,0,-339,-1710
2020/1/17 6:00,11449,4147,8849,225,136,358,0,0,59,0,-25,-2300
2020/1/17 7:00,12065,4148,9182,272,136,356,23,0,63,0,231,-2346
2020/1/17 8:00,12668,4147,9181,276,136,351,349,0,54,0,700,-2526
2020/1/17 9:00,12895,4149,9182,270,136,351,1041,0,39,0,513,-2786
2020/1/17 10:00,12296,4148,8406,153,136,348,1845,0,30,0,0,-2770
2020/1/17 11:00,11896,4149,7456,150,136,353,2455,0,23,0,-104,-2722
2020/1/17 12:00,11187,4146,6942,139,135,356,3030,0,18,0,-1443,-2136
2020/1/17 13:00,11197,4151,7245,138,136,354,3215,0,11,0,-1395,-2658
2020/1/17 14:00,11004,4147,7339,144,136,353,2780,0,31,0,-1268,-2658
2020/1/17 15:00,11016,4147,7723,147,136,353,1785,0,45,0,-656,-2664
2020/1/17 16:00,11416,4141,8640,137,136,354,833,0,52,0,-187,-2690
2020/1/17 17:00,12054,4138,9404,352,136,360,57,0,72,0,73,-2538
2020/1/17 18:00,12499,4147,9295,651,136,362,0,0,83,0,237,-2412
2020/1/17 19:00,12169,4141,8974,517,136,361,0,0,77,0,487,-2524
2020/1/17 20:00,11794,4147,8541,296,136,360,0,0,74,0,774,-2534
2020/1/17 21:00,11300,4145,8298,236,136,359,0,0,69,0,635,-2578
2020/1/17 22:00,10739,4150,8093,225,136,358,0,0,83,0,100,-2406
2020/1/17 23:00,10194,4146,7573,187,136,361,0,0,77,0,0,-2286
2020/1/18 0:00,9577,4147,6670,171,137,363,0,0,91,0,-142,-1860
2020/1/18 1:00,9561,4149,6402,182,138,362,0,0,102,0,0,-1774
2020/1/18 2:00,9954,4148,6821,182,138,362,0,0,105,0,0,-1802
2020/1/18 3:00,10321,4152,7177,191,138,364,0,0,127,0,0,-1828
2020/1/18 4:00,10357,4147,7199,192,138,365,0,0,128,0,0,-1812
2020/1/18 5:00,10222,4148,6989,202,138,363,0,0,138,0,0,-1756
2020/1/18 6:00,10300,4147,7053,237,138,363,0,0,161,0,45,-1844
2020/1/18 7:00,10816,4146,7329,372,138,362,86,0,155,0,398,-2170
2020/1/18 8:00,11329,4150,7255,309,138,360,884,0,132,0,495,-2394
2020/1/18 9:00,11173,4146,6894,246,136,359,1729,0,101,0,8,-2446
2020/1/18 10:00,10869,4148,5804,156,136,352,2653,0,112,0,-90,-2402
2020/1/18 11:00,10710,4147,5324,159,136,354,3154,0,146,0,-390,-2320
2020/1/18 12:00,10287,4149,4830,166,136,356,3009,0,159,0,-240,-2278
2020/1/18 13:00,10431,4147,5365,151,136,352,2551,0,204,0,-237,-2238
2020/1/18 14:00,10321,4149,5847,143,136,352,2239,0,217,0,-464,-2298
2020/1/18 15:00,10254,4148,6537,157,140,354,1633,0,197,0,-618,-2294
2020/1/18 16:00,10512,4144,7245,166,140,361,732,0,138,0,-60,-2354
2020/1/18 17:00,11092,4142,8408,352,140,363,58,0,109,0,58,-2538
2020/1/18 18:00,11521,4145,8551,699,140,366,0,0,109,0,145,-2634
2020/1/18 19:00,11243,4145,8264,530,140,366,0,0,87,0,243,-2532
2020/1/18 20:00,10948,4143,8024,223,140,365,0,0,59,0,478,-2484
2020/1/18 21:00,10522,4149,7733,171,140,364,0,0,45,0,184,-2264
2020/1/18 22:00,10163,4147,7281,166,140,366,0,0,37,0,0,-1974
2020/1/18 23:00,9739,4150,6958,142,140,366,0,0,31,0,0,-2048
2020/1/19 0:00,9319,4149,6849,139,140,365,0,0,24,0,-117,-2230
2020/1/19 1:00,9333,4149,6892,148,140,362,0,0,15,0,-115,-2258
2020/1/19 2:00,9770,4150,6952,182,140,362,0,0,18,0,0,-2034
2020/1/19 3:00,10048,4150,6843,265,140,361,0,0,25,0,0,-1736
2020/1/19 4:00,10075,4148,6786,329,140,362,0,0,34,0,0,-1724
2020/1/19 5:00,9687,4149,6873,263,140,360,0,0,44,0,-174,-1968
2020/1/19 6:00,9499,4148,6844,191,140,360,0,0,44,0,0,-2228
2020/1/19 7:00,9860,4149,7149,181,140,361,95,0,50,0,45,-2310
2020/1/19 8:00,10288,4147,6850,182,140,358,795,0,68,0,66,-2318
2020/1/19 9:00,10368,4149,6093,180,140,354,1779,0,62,0,-171,-2218
2020/1/19 10:00,9951,4148,5319,146,140,353,2340,0,77,0,-574,-1998
2020/1/19 11:00,9862,4149,4941,138,140,355,2535,0,84,0,-452,-2028
2020/1/19 12:00,9853,4148,4521,150,140,356,2913,0,86,0,-315,-2146
2020/1/19 13:00,9499,4149,4667,149,140,354,2336,0,116,0,-180,-2232
2020/1/19 14:00,9607,4148,5771,148,140,352,1853,0,136,0,-739,-2202
2020/1/19 15:00,9627,4147,6391,161,140,357,1073,0,133,0,-497,-2278
2020/1/19 16:00,9980,4148,6878,165,140,359,507,0,141,0,-38,-2320
2020/1/19 17:00,10870,4142,7600,322,140,356,41,0,128,0,435,-2294
2020/1/19 18:00,11414,4144,7831,675,140,355,0,0,134,0,531,-2396
2020/1/19 19:00,11272,4146,7907,535,140,356,0,0,119,0,465,-2396
2020/1/19 20:00,10965,4150,7941,357,140,357,0,0,126,0,218,-2324
2020/1/19 21:00,10439,4149,7704,160,140,356,0,0,123,0,13,-2206
2020/1/19 22:00,9848,4148,7379,152,140,356,0,0,104,0,-315,-2116
2020/1/19 23:00,9240,4145,7378,150,140,359,0,0,99,0,-761,-2270
2020/1/20 0:00,8709,4149,6909,138,140,357,0,0,93,0,-825,-2252
2020/1/20 1:00,8713,4150,6865,141,140,355,0,0,92,0,-804,-2226
2020/1/20 2:00,9163,4149,7089,164,140,356,0,0,102,0,-551,-2286
2020/1/20 3:00,9650,4149,7077,172,140,355,0,0,109,0,-222,-2130
2020/1/20 4:00,9834,4146,6958,180,140,355,0,0,121,0,0,-2066
2020/1/20 5:00,10012,4150,7094,189,140,354,0,0,124,0,-271,-1768
2020/1/20 6:00,10616,4148,7722,241,140,354,0,0,107,0,0,-2096
2020/1/20 7:00,11337,4148,8007,275,140,351,57,0,110,0,549,-2300
2020/1/20 8:00,12006,4146,7984,295,140,348,613,0,104,0,1060,-2684
2020/1/20 9:00,12153,4147,7869,167,140,346,1457,0,99,0,544,-2616
2020/1/20 10:00,11805,4147,7104,149,140,343,2275,0,95,0,-168,-2280
2020/1/20 11:00,11751,4148,6683,139,140,343,2776,0,96,0,0,-2574
2020/1/20 12:00,11088,4147,6180,145,140,341,2666,0,109,0,-250,-2390
2020/1/20 13:00,11420,4086,6640,148,140,336,2647,0,117,0,-42,-2652
2020/1/20 14:00,11380,4073,6914,147,140,338,2376,0,127,0,-175,-2560
2020/1/20 15:00,11284,4095,7331,150,140,339,1687,0,137,0,-39,-2556
2020/1/20 16:00,11623,4115,8552,157,140,343,776,0,146,0,0,-2606
2020/1/20 17:00,12107,4136,9381,353,140,348,60,0,147,0,136,-2594
2020/1/20 18:00,12586,4146,9523,627,140,347,0,0,166,0,219,-2582
2020/1/20 19:00,12323,4146,9462,437,140,345,0,0,162,0,83,-2452
2020/1/20 20:00,11884,4145,9305,225,140,346,0,0,157,0,0,-2434
2020/1/20 21:00,11314,4146,8625,155,140,344,0,0,154,0,0,-2250
2020/1/20 22:00,10621,4149,7977,145,140,341,0,0,165,0,0,-2296
2020/1/20 23:00,10005,4149,7183,153,140,345,0,0,173,0,-132,-2006
2020/1/21 0:00,9445,4150,6576,136,141,347,0,0,167,0,-500,-1572
2020/1/21 1:00,9427,4149,6415,144,141,345,0,0,140,0,-217,-1690
2020/1/21 2:00,9909,4148,6901,146,141,343,0,0,129,0,-249,-1650
2020/1/21 3:00,10298,4149,7077,147,141,342,0,0,127,0,-19,-1666
2020/1/21 4:00,10449,4149,7189,159,141,344,0,0,111,0,0,-1644
2020/1/21 5:00,10664,4148,7323,178,141,344,0,0,112,0,0,-1582
2020/1/21 6:00,11349,4148,7911,281,141,345,0,0,104,0,625,-2206
2020/1/21 7:00,12138,4147,8297,488,141,343,111,0,107,0,834,-2330
2020/1/21 8:00,12491,4149,8177,262,141,336,1287,0,77,0,580,-2518
2020/1/21 9:00,11896,4148,6887,200,141,328,2892,0,60,0,38,-2798
2020/1/21 10:00,11270,4147,5282,170,142,327,4544,0,56,0,-608,-2790
2020/1/21 11:00,10878,4152,4185,155,142,333,5651,1,44,0,-1082,-2702
2020/1/21 12:00,10270,4148,3294,153,142,336,6095,1,28,0,-1310,-2616
2020/1/21 13:00,10261,4148,3706,151,142,332,5775,1,19,0,-1312,-2700
2020/1/21 14:00,10106,4149,4344,139,142,330,4820,1,15,0,-1169,-2664
2020/1/21 15:00,10033,4148,5488,139,142,326,3298,0,14,0,-884,-2638
2020/1/21 16:00,10660,4146,6961,139,142,315,1386,0,13,0,262,-2704
2020/1/21 17:00,11363,4144,8615,313,142,305,116,0,7,0,363,-2642
2020/1/21 18:00,12148,4145,9030,633,142,306,0,0,6,0,520,-2634
2020/1/21 19:00,12097,4143,9030,508,142,289,0,0,8,0,421,-2444
2020/1/21 20:00,11748,4148,9067,238,142,272,0,0,7,0,150,-2276
2020/1/21 21:00,11325,4148,8995,178,142,271,0,0,3,0,110,-2522
2020/1/21 22:00,10721,4147,8409,167,142,271,0,0,5,0,0,-2420
2020/1/21 23:00,10194,4150,7657,167,142,274,0,0,10,0,0,-2206
2020/1/22 0:00,9677,4148,7218,169,143,278,0,0,18,0,-563,-1734
2020/1/22 1:00,9649,4147,7163,170,144,275,0,0,30,0,-646,-1634
2020/1/22 2:00,10043,4150,7062,174,144,273,0,0,41,0,-139,-1662
2020/1/22 3:00,10328,4147,7217,176,144,274,0,0,52,0,0,-1682
2020/1/22 4:00,10368,4151,7239,168,144,274,0,0,56,0,0,-1664
2020/1/22 5:00,10474,4147,7479,165,144,278,0,0,63,0,0,-1802
2020/1/22 6:00,11070,4147,8454,234,144,277,0,0,68,0,0,-2254
2020/1/22 7:00,11710,4149,9132,268,144,274,28,0,67,0,150,-2502
2020/1/22 8:00,12423,4148,9135,281,144,273,343,0,70,0,487,-2458
2020/1/22 9:00,12681,4151,9244,187,144,269,657,0,70,0,505,-2546
2020/1/22 10:00,12517,4151,9081,142,144,270,676,0,64,0,461,-2472
2020/1/22 11:00,12428,4145,8862,141,143,270,674,0,60,0,61,-1928
2020/1/22 12:00,11904,4149,8460,136,141,273,576,0,49,0,0,-1880
2020/1/22 13:00,12248,4154,8931,150,144,271,452,0,51,0,25,-1930
2020/1/22 14:00,12165,4148,9085,145,144,268,377,0,73,0,251,-2326
2020/1/22 15:00,12096,4144,9202,154,144,269,281,0,70,0,388,-2556
2020/1/22 16:00,12360,4142,9568,166,144,270,90,0,72,0,632,-2724
2020/1/22 17:00,12561,4140,9642,266,144,275,3,0,96,0,629,-2634
2020/1/22 18:00,12669,4144,9666,574,144,276,0,0,92,0,545,-2772
2020/1/22 19:00,12260,4146,9637,521,144,271,0,0,109,0,196,-2764
2020/1/22 20:00,11730,4149,9428,259,144,274,0,0,131,0,5,-2660
2020/1/22 21:00,11065,4151,8634,177,144,273,0,0,176,0,0,-2490
2020/1/22 22:00,10238,4145,7730,167,144,272,0,0,202,0,0,-2422
2020/1/22 23:00,9674,4148,7335,179,144,287,0,0,196,0,-507,-2108
2020/1/23 0:00,9038,4146,7278,176,143,304,0,0,184,0,-1035,-2158
2020/1/23 1:00,9016,4146,7274,171,143,336,0,0,175,0,-1195,-2034
2020/1/23 2:00,9457,4144,7274,177,143,343,0,0,158,0,-930,-1852
2020/1/23 3:00,9796,4146,7293,172,143,345,0,0,155,0,-722,-1736
2020/1/23 4:00,9852,4146,7263,175,143,347,0,0,154,0,-624,-1752
2020/1/23 5:00,9705,4145,7235,198,143,345,0,0,125,0,-760,-1726
2020/1/23 6:00,9895,4147,7205,251,143,344,0,0,90,0,-453,-1832
2020/1/23 7:00,10424,4147,7461,292,143,344,37,0,52,0,298,-2350
2020/1/23 8:00,10980,4148,7017,393,143,341,600,0,30,0,998,-2690
2020/1/23 9:00,10976,4147,6735,425,143,339,1737,0,21,0,215,-2786
2020/1/23 10:00,10657,4147,5816,272,143,345,2852,0,17,0,-177,-2758
2020/1/23 11:00,10650,4147,5623,251,143,354,3330,0,16,0,-508,-2706
2020/1/23 12:00,9973,4143,5443,238,143,358,3152,0,19,0,-971,-2552
2020/1/23 13:00,10264,4144,6007,227,143,359,2493,0,22,0,-465,-2666
2020/1/23 14:00,10291,4147,6447,221,143,358,2392,0,21,0,-760,-2678
2020/1/23 15:00,10223,4140,7081,216,143,362,1397,0,19,0,-465,-2670
2020/1/23 16:00,10401,4147,7593,228,143,372,597,0,24,0,27,-2730
2020/1/23 17:00,10674,4138,7668,514,143,381,58,0,21,0,571,-2820
2020/1/23 18:00,10968,4142,7565,677,143,387,0,0,32,0,792,-2770
2020/1/23 19:00,10635,4137,7344,491,143,386,0,0,40,0,554,-2460
2020/1/23 20:00,10251,4144,7110,322,143,385,0,0,42,0,395,-2290
2020/1/23 21:00,9792,4146,7013,235,143,385,0,0,48,0,100,-2278
2020/1/23 22:00,9305,4145,6788,213,143,383,0,0,43,0,0,-2410
2020/1/23 23:00,8862,4143,6375,212,143,387,0,0,39,0,-119,-2318
2020/1/24 0:00,8391,4143,6053,204,142,387,0,0,32,0,-390,-2180
2020/1/24 1:00,8414,4144,6157,218,141,386,0,0,36,0,-490,-2178
2020/1/24 2:00,8938,4145,6221,222,141,387,0,0,43,0,-105,-2116
2020/1/24 3:00,9399,4144,6726,220,141,386,0,0,39,0,-251,-2006
2020/1/24 4:00,9515,4145,6725,213,141,387,0,0,35,0,-321,-1810
2020/1/24 5:00,9354,4145,6481,206,141,388,0,0,41,0,-320,-1728
2020/1/24 6:00,9556,4149,6563,272,141,389,0,0,43,0,-277,-1724
2020/1/24 7:00,10025,4146,6904,316,141,387,29,0,43,0,175,-2116
2020/1/24 8:00,10680,4144,7171,339,141,384,355,0,53,0,611,-2518
2020/1/24 9:00,10998,4148,7466,258,141,382,871,0,36,0,476,-2780
2020/1/24 10:00,10903,4148,6906,196,141,379,1656,0,37,0,-44,-2516
2020/1/24 11:00,10768,4148,6339,189,141,370,2084,0,44,0,-327,-2220
2020/1/24 12:00,10214,4147,6222,189,141,362,2360,0,52,0,-689,-2570
2020/1/24 13:00,10343,4144,6235,191,141,350,2261,0,62,0,-563,-2478
2020/1/24 14:00,10338,4146,6190,221,141,339,2046,0,75,0,-588,-2232
2020/1/24 15:00,10147,4148,6323,208,141,339,1513,0,77,0,-496,-2106
2020/1/24 16:00,10297,4150,7112,222,141,340,702,0,94,0,154,-2618
2020/1/24 17:00,10542,4140,7225,507,140,343,76,0,115,0,824,-2828
2020/1/24 18:00,10973,4143,7268,559,141,346,0,0,118,0,914,-2516
2020/1/24 19:00,10641,4144,7079,369,141,343,0,0,114,0,731,-2280
2020/1/24 20:00,10310,4146,6918,276,141,344,0,0,118,0,189,-1822
2020/1/24 21:00,9835,4147,6691,218,141,341,0,0,111,0,58,-1872
2020/1/24 22:00,9422,4142,6645,201,141,341,0,0,112,0,-74,-2086
2020/1/24 23:00,8965,4144,6559,188,141,344,0,0,116,0,-337,-2190
2020/1/25 0:00,8481,4147,6122,186,142,347,0,0,102,0,-365,-2200
2020/1/25 1:00,8449,4148,6130,187,143,343,0,0,95,0,-451,-2146
2020/1/25 2:00,8899,4145,6179,197,143,345,0,0,94,0,46,-2250
2020/1/25 3:00,9340,4147,6177,197,143,347,0,0,101,0,262,-2034
2020/1/25 4:00,9379,4147,6154,190,143,348,0,0,91,0,14,-1708
2020/1/25 5:00,9106,4147,6154,200,143,348,0,0,96,0,0,-1982
2020/1/25 6:00,8896,4149,5888,274,143,347,0,0,99,0,0,-2004
2020/1/25 7:00,9235,4147,6032,305,143,344,30,0,106,0,0,-1872
2020/1/25 8:00,9793,4148,6284,348,143,345,318,0,99,0,0,-1892
2020/1/25 9:00,10153,4147,6230,254,143,346,809,0,103,0,-45,-1834
2020/1/25 10:00,10073,4151,6234,188,143,343,1223,0,118,0,-285,-2042
2020/1/25 11:00,9979,4146,6179,183,143,346,1075,0,132,0,-133,-2092
2020/1/25 12:00,9840,4147,6086,177,143,347,918,0,144,0,0,-2122
2020/1/25 13:00,9856,4147,6309,176,143,345,835,0,143,0,0,-2242
2020/1/25 14:00,9791,4146,6385,175,143,343,662,0,141,0,0,-2204
2020/1/25 15:00,9778,4146,6506,175,142,343,322,0,160,0,142,-2158
2020/1/25 16:00,10102,4143,6972,187,143,346,91,0,193,0,149,-2122
2020/1/25 17:00,10546,4141,7131,406,143,347,3,0,210,0,321,-2156
2020/1/25 18:00,10777,4138,6922,672,143,348,0,0,212,0,646,-2304
2020/1/25 19:00,10517,4144,6906,602,143,349,0,0,205,0,492,-2324
2020/1/25 20:00,10149,4148,6897,360,143,349,0,0,194,0,336,-2278
2020/1/25 21:00,9717,4148,6773,238,143,348,0,0,182,0,24,-2139
2020/1/25 22:00,9339,4149,6504,234,143,347,0,0,169,0,0,-2207
2020/1/25 23:00,8926,4147,6144,239,143,344,0,0,169,0,0,-2260
2020/1/26 0:00,8438,4150,5971,228,143,337,0,0,185,0,-458,-2118
2020/1/26 1:00,8433,4148,6131,247,143,336,0,0,172,0,-556,-2188
2020/1/26 2:00,8804,4147,6070,268,143,334,0,0,169,0,-153,-2174
2020/1/26 3:00,9246,4145,6225,398,143,336,0,0,181,0,0,-2182
2020/1/26 4:00,9378,4147,6248,379,143,335,0,0,181,0,-103,-1952
2020/1/26 5:00,8977,4146,6055,284,143,334,0,0,147,0,-462,-1670
2020/1/26 6:00,8585,4146,5951,302,143,334,0,0,137,0,-646,-1782
2020/1/26 7:00,8787,4152,6071,303,143,334,42,0,141,0,-219,-2180
2020/1/26 8:00,9311,4145,6193,298,143,334,397,0,181,0,0,-2380
2020/1/26 9:00,9685,4150,6284,278,143,335,915,0,172,0,-180,-2412
2020/1/26 10:00,9603,4148,5774,260,143,334,1385,0,174,0,-245,-2370
2020/1/26 11:00,9291,4149,5114,262,143,336,1821,0,200,0,-366,-2368
2020/1/26 12:00,9238,4148,4629,265,143,336,2045,0,214,0,-268,-2274
2020/1/26 13:00,9116,4149,4800,248,143,336,1518,0,191,0,-25,-2244
2020/1/26 14:00,9113,4148,5398,249,143,335,1139,0,198,0,-233,-2264
2020/1/26 15:00,9174,4147,5652,244,143,337,674,0,233,0,-170,-2086
2020/1/26 16:00,9513,4142,6076,253,143,339,240,0,260,0,0,-1940
2020/1/26 17:00,10188,4140,6837,393,143,339,16,0,271,0,159,-2110
2020/1/26 18:00,10719,4147,6976,717,143,338,0,0,309,0,531,-2442
2020/1/26 19:00,10561,4148,6974,595,143,340,0,0,331,0,511,-2481
2020/1/26 20:00,10332,4147,6954,491,143,338,0,0,348,0,284,-2373
2020/1/26 21:00,9828,4147,6773,295,143,322,0,0,345,0,96,-2293
2020/1/26 22:00,9297,4144,6342,263,143,303,0,0,329,0,0,-2227
2020/1/26 23:00,8767,4147,5939,254,143,305,0,0,327,0,-242,-2106
2020/1/27 0:00,8296,4149,5843,281,143,313,0,0,336,0,-1063,-1706
2020/1/27 1:00,8306,4150,5757,297,143,339,0,0,344,0,-1060,-1664
2020/1/27 2:00,8798,4148,5836,317,143,341,0,0,334,0,-607,-1714
2020/1/27 3:00,9304,4148,6011,317,143,342,0,0,334,0,-259,-1732
2020/1/27 4:00,9508,4147,6054,329,143,340,0,0,303,0,-78,-1730
2020/1/27 5:00,9574,4149,6043,345,143,339,0,0,269,0,0,-1714
2020/1/27 6:00,10052,4150,6619,384,143,339,0,0,243,0,0,-1826
2020/1/27 7:00,10749,4150,7405,400,143,337,28,0,228,0,0,-1942
2020/1/27 8:00,11542,4152,8006,602,143,333,238,0,231,0,487,-2650
2020/1/27 9:00,12169,4148,8390,558,143,330,381,0,188,0,809,-2778
2020/1/27 10:00,12088,4148,8616,467,143,329,756,0,218,0,181,-2770
2020/1/27 11:00,12002,4149,8229,347,143,329,1283,0,232,0,0,-2710
2020/1/27 12:00,11441,4149,7872,315,143,333,1037,0,202,0,0,-2610
2020/1/27 13:00,11669,4149,7792,321,143,332,1793,0,213,0,-330,-2744
2020/1/27 14:00,11447,4151,7896,339,143,330,1829,0,206,0,-801,-2646
2020/1/27 15:00,11285,4145,8107,336,143,329,857,0,164,0,-156,-2640
2020/1/27 16:00,11675,4143,8950,349,143,334,294,0,174,0,0,-2712
2020/1/27 17:00,11878,4145,9056,493,143,334,59,0,186,0,283,-2821
2020/1/27 18:00,12037,4141,8967,692,143,336,0,0,207,0,387,-2836
2020/1/27 19:00,11579,4145,8184,652,143,336,0,0,233,0,593,-2707
2020/1/27 20:00,11141,4147,7842,495,143,336,0,0,227,0,536,-2585
2020/1/27 21:00,10477,4150,7358,384,143,334,0,0,218,0,327,-2437
2020/1/27 22:00,9972,4147,6934,369,143,333,0,0,197,0,160,-2311
2020/1/27 23:00,9401,4149,6432,372,143,336,0,0,174,0,-414,-1791
2020/1/28 0:00,8803,4150,5929,437,144,339,0,0,166,0,-594,-1768
2020/1/28 1:00,8877,4148,6020,433,144,336,0,0,172,0,-590,-1786
2020/1/28 2:00,9307,4149,6245,445,144,335,0,0,181,0,-378,-1814
2020/1/28 3:00,9726,4150,6705,446,144,338,0,0,186,0,-275,-1968
2020/1/28 4:00,9914,4148,6791,441,144,339,0,0,195,0,-266,-1878
2020/1/28 5:00,9925,4149,6439,512,144,338,0,0,192,0,-63,-1786
2020/1/28 6:00,10384,4149,6815,636,144,340,0,0,203,0,27,-1930
2020/1/28 7:00,10893,4151,7059,691,144,335,83,0,180,0,348,-2098
2020/1/28 8:00,11290,4147,7183,612,144,334,959,0,168,0,285,-2542
2020/1/28 9:00,11202,4149,6651,520,144,271,2026,0,152,0,19,-2730
2020/1/28 10:00,11057,4149,5810,388,144,261,3269,0,149,0,-319,-2794
2020/1/28 11:00,10633,4150,5222,386,144,261,3590,0,165,0,-579,-2706
2020/1/28 12:00,10262,4147,4515,398,144,266,3815,0,171,0,-912,-2282
2020/1/28 13:00,10450,4148,5224,418,144,261,3562,0,161,0,-844,-2624
2020/1/28 14:00,10478,4148,6197,420,144,259,2580,0,168,0,-800,-2638
2020/1/28 15:00,10363,4146,6694,427,144,260,1714,0,173,0,-655,-2540
2020/1/28 16:00,10721,4139,7622,425,144,264,869,0,170,0,-316,-2596
2020/1/28 17:00,11086,4139,8027,655,144,263,148,0,159,0,221,-2670
2020/1/28 18:00,11577,4143,7848,829,144,265,0,0,149,0,855,-2656
2020/1/28 19:00,11390,4147,7462,681,144,267,0,0,147,0,763,-2221
2020/1/28 20:00,10987,4149,7219,544,144,267,0,0,167,0,498,-2001
2020/1/28 21:00,10477,4148,6946,482,144,265,0,0,158,0,153,-1819
2020/1/28 22:00,9931,4150,6593,436,144,264,0,0,136,0,-85,-1707
2020/1/28 23:00,9373,4147,6276,427,140,268,0,0,138,0,-393,-1630
2020/1/29 0:00,8742,4150,6202,421,118,270,0,0,134,0,-521,-2032
2020/1/29 1:00,8813,4150,6246,413,144,266,0,0,118,0,-382,-2142
2020/1/29 2:00,9253,4146,6644,411,144,267,0,0,111,0,-262,-2208
2020/1/29 3:00,9759,4148,6943,408,144,269,0,0,115,0,-186,-2082
2020/1/29 4:00,9999,4145,6884,407,144,270,0,0,95,0,0,-1946
2020/1/29 5:00,10023,4149,6838,446,144,267,0,0,79,0,0,-1900
2020/1/29 6:00,10477,4143,7185,522,144,267,0,0,68,0,126,-1978
2020/1/29 7:00,11008,4149,7408,754,144,265,127,0,50,0,443,-2332
2020/1/29 8:00,11251,4147,6857,718,144,267,1271,0,44,0,157,-2354
2020/1/29 9:00,11084,4150,6057,564,144,263,2625,0,20,0,-201,-2538
2020/1/29 10:00,10844,4150,4932,436,144,263,3858,0,16,0,-753,-2202
2020/1/29 11:00,10749,4155,3958,379,143,262,4413,0,12,0,-671,-1902
2020/1/29 12:00,10339,4151,3619,373,142,267,4354,0,13,0,-292,-2288
2020/1/29 13:00,10493,4094,4034,369,144,268,4100,0,22,0,84,-2622
2020/1/29 14:00,10512,4077,5306,369,144,266,3218,0,23,0,-183,-2708
2020/1/29 15:00,10358,4105,6579,367,144,267,1950,0,23,0,-447,-2630
2020/1/29 16:00,10682,4131,7462,384,144,268,836,0,32,0,96,-2671
2020/1/29 17:00,11133,4142,7859,612,144,270,111,0,42,0,674,-2721
2020/1/29 18:00,11572,4143,7961,794,144,269,0,0,49,0,702,-2490
2020/1/29 19:00,11322,4144,7842,742,144,270,0,0,53,0,632,-2505
2020/1/29 20:00,11000,4143,7593,578,144,269,0,0,53,0,523,-2303
2020/1/29 21:00,10513,4148,7397,458,144,268,0,0,54,0,101,-2057
2020/1/29 22:00,9996,4148,6910,410,144,266,0,0,68,0,-117,-1833
2020/1/29 23:00,9408,4144,6321,406,144,268,0,0,63,0,-334,-1604
2020/1/30 0:00,8845,4149,6183,383,145,271,0,0,55,0,-707,-1634
2020/1/30 1:00,8853,4148,6255,373,145,268,0,0,46,0,-578,-1804
2020/1/30 2:00,9363,4150,6583,372,145,268,0,0,48,0,-253,-1950
2020/1/30 3:00,9834,4144,7060,381,145,272,0,0,51,0,-309,-1910
2020/1/30 4:00,9968,4148,7044,393,144,272,0,0,52,0,-309,-1776
2020/1/30 5:00,10097,4145,7023,406,145,272,0,0,57,0,-321,-1630
2020/1/30 6:00,10537,4146,7414,544,145,273,0,0,50,0,3,-2038
2020/1/30 7:00,11040,4147,7555,764,145,282,123,0,58,0,396,-2430
2020/1/30 8:00,11630,4148,7273,602,145,304,1034,0,40,0,620,-2536
2020/1/30 9:00,11611,4147,6824,396,145,332,2226,0,36,0,33,-2528
2020/1/30 10:00,11154,4148,5465,342,145,334,3453,0,34,0,-467,-2300
2020/1/30 11:00,11095,4147,4683,324,145,335,3911,0,25,0,-277,-2198
2020/1/30 12:00,10564,4147,4310,321,145,338,3663,0,45,0,-665,-1740
2020/1/30 13:00,10745,4148,5047,331,145,333,3715,0,63,0,-751,-2286
2020/1/30 14:00,10522,4146,5550,320,145,332,2790,0,68,0,-643,-2186
2020/1/30 15:00,10716,4147,6199,330,145,331,1969,0,91,0,-456,-2040
2020/1/30 16:00,11083,4146,7497,364,145,336,989,0,121,0,55,-2570
2020/1/30 17:00,11645,4139,8537,580,145,337,161,0,127,0,346,-2727
2020/1/30 18:00,12123,4145,8451,771,145,337,0,0,165,0,593,-2484
2020/1/30 19:00,11947,4140,8464,783,145,335,0,0,184,0,591,-2695
2020/1/30 20:00,11484,4146,7963,666,144,332,0,0,184,0,612,-2563
2020/1/30 21:00,11054,4146,7641,477,145,333,0,0,172,0,487,-2347
2020/1/30 22:00,10431,4146,7395,330,145,335,0,0,166,0,171,-2257
2020/1/30 23:00,9851,4149,6949,328,145,337,0,0,157,0,-243,-1971
2020/1/31 0:00,9215,4148,6721,308,145,338,0,0,163,0,-670,-1938
2020/1/31 1:00,9207,4147,6728,309,145,336,0,0,173,0,-847,-1784
2020/1/31 2:00,9680,4148,6842,310,145,336,0,0,127,0,-350,-1878
2020/1/31 3:00,10118,4146,7081,326,145,339,0,0,117,0,-150,-1886
2020/1/31 4:00,10364,4150,7186,346,145,341,0,0,116,0,0,-1920
2020/1/31 5:00,10603,4151,7361,402,145,339,0,0,95,0,0,-1890
2020/1/31 6:00,11102,4143,7858,595,145,337,0,0,80,0,198,-2254
2020/1/31 7:00,11783,4150,7780,742,145,338,142,0,65,0,933,-2512
2020/1/31 8:00,12099,4148,7715,523,145,338,1186,0,61,0,651,-2668
2020/1/31 9:00,11968,4151,7008,344,145,337,2558,0,51,0,110,-2736
2020/1/31 10:00,11714,4144,6289,280,145,334,3724,0,51,0,-451,-2802
2020/1/31 11:00,11524,4147,5525,286,145,337,4497,0,49,0,-804,-2658
2020/1/31 12:00,10888,4152,4878,282,145,339,4436,0,52,0,-800,-2596
2020/1/31 13:00,11222,4143,5846,279,145,338,4259,0,68,0,-1146,-2710
2020/1/31 14:00,10957,4148,6049,275,145,334,3582,0,94,0,-1012,-2658
2020/1/31 15:00,10813,4146,6370,280,145,336,2588,0,100,0,-498,-2654
2020/1/31 16:00,11135,4138,7677,328,145,343,1207,0,89,0,-96,-2696
2020/1/31 17:00,11687,4140,8441,502,145,345,152,0,90,0,694,-2822
2020/1/31 18:00,12234,4141,8543,757,145,346,0,0,79,0,1065,-2842
2020/1/31 19:00,12056,4146,8272,716,145,348,0,0,72,0,1135,-2778
2020/1/31 20:00,11634,4146,7879,540,145,347,0,0,79,0,1163,-2665
2020/1/31 21:00,11151,4148,7523,443,145,348,0,0,77,0,1052,-2585
2020/1/31 22:00,10590,4149,7288,308,145,345,0,0,70,0,700,-2415
2020/1/31 23:00,10088,4146,7138,299,145,349,0,0,69,0,187,-2245
2020/2/1 0:00,9498,4147,6845,279,145,349,0,0,60,0,-143,-2184
2020/2/1 1:00,9454,4148,6927,277,145,348,0,0,57,0,-246,-2202
2020/2/1 2:00,9913,4149,7249,279,145,350,0,0,57,0,-204,-2112
2020/2/1 3:00,10273,4144,7260,287,145,352,0,0,57,0,0,-1972
2020/2/1 4:00,10316,4147,7235,316,145,352,0,0,56,0,49,-1984
2020/2/1 5:00,10182,4149,7063,342,145,350,0,0,49,0,0,-1916
2020/2/1 6:00,10272,4144,7168,471,145,347,0,0,47,0,132,-2182
2020/2/1 7:00,10766,4147,7059,600,145,345,144,0,45,0,475,-2194
2020/2/1 8:00,11012,4147,6611,386,145,344,1265,0,39,0,341,-2266
2020/2/1 9:00,10650,4148,5362,271,145,343,2873,0,33,0,-141,-2384
2020/2/1 10:00,10148,4148,4122,242,145,335,4379,0,30,0,-831,-2422
2020/2/1 11:00,9812,4147,3011,237,145,286,5331,1,43,0,-1070,-2318
2020/2/1 12:00,9433,4151,2619,237,145,281,5519,1,48,0,-1291,-2276
2020/2/1 13:00,9333,4146,2817,243,145,277,5058,1,47,0,-1142,-2258
2020/2/1 14:00,9039,4145,3204,242,145,314,4442,1,49,0,-1230,-2272
2020/2/1 15:00,8947,4149,4093,253,145,344,3320,0,56,0,-1169,-2244
2020/2/1 16:00,9306,4141,5187,301,145,345,1590,0,53,0,-228,-2228
2020/2/1 17:00,10059,4140,6669,465,145,345,213,0,46,0,452,-2416
2020/2/1 18:00,10913,4140,7286,766,145,346,1,0,49,0,754,-2574
2020/2/1 19:00,10915,4138,7341,702,145,345,0,0,58,0,790,-2604
2020/2/1 20:00,10698,4144,7383,585,145,346,0,0,50,0,579,-2534
2020/2/1 21:00,10427,4143,7256,433,145,345,0,0,41,0,506,-2442
2020/2/1 22:00,10034,4148,7202,278,145,344,0,0,54,0,197,-2334
2020/2/1 23:00,9611,4145,6880,293,145,345,0,0,49,0,22,-2268
2020/2/2 0:00,9177,4145,6418,274,145,345,0,0,52,0,0,-2202
2020/2/2 1:00,9166,4145,6420,259,145,343,0,0,60,0,0,-2206
2020/2/2 2:00,9560,4144,6866,260,145,345,0,0,62,0,0,-2262
2020/2/2 3:00,9871,4147,6951,352,145,346,0,0,57,0,15,-2142
2020/2/2 4:00,9904,4143,6907,419,145,347,0,0,50,0,17,-2124
2020/2/2 5:00,9556,4143,6646,390,145,344,0,0,42,0,0,-2154
2020/2/2 6:00,9406,4148,6453,318,145,346,0,0,42,0,58,-2104
2020/2/2 7:00,9758,4141,6423,313,145,358,118,0,33,0,197,-1970
2020/2/2 8:00,9982,4146,5361,298,145,365,913,188,1,1,663,-1910
2020/2/2 9:00,9862,4142,4428,247,145,356,2184,435,0,5,272,-1912
2020/2/2 10:00,9286,4141,3353,213,145,310,3480,689,0,10,6,-2362
2020/2/2 11:00,8827,4145,2811,220,144,277,4248,830,0,10,-704,-2314
2020/2/2 12:00,8726,4145,2619,223,145,278,4587,933,0,13,-991,-2280
2020/2/2 13:00,8489,4144,2623,214,145,277,4453,891,1,19,-1110,-2258
2020/2/2 14:00,8238,4146,2829,197,145,276,3729,754,1,27,-861,-2224
2020/2/2 15:00,8255,4146,3721,228,145,314,2523,535,1,32,-593,-2230
2020/2/2 16:00,8814,4142,4911,256,145,350,1353,0,11,0,-206,-2148
2020/2/2 17:00,9772,4138,6501,426,145,362,189,0,22,0,403,-2414
2020/2/2 18:00,10667,4145,7154,738,145,372,0,0,47,0,562,-2496
2020/2/2 19:00,10719,4138,7189,735,145,381,0,0,49,0,536,-2454
2020/2/2 20:00,10493,4149,7144,562,144,390,0,0,36,0,442,-2374
2020/2/2 21:00,10162,4143,7254,465,145,390,0,0,31,0,52,-2318
2020/2/2 22:00,9647,4147,6806,349,145,390,0,0,22,0,-116,-2096
2020/2/2 23:00,9097,4145,6497,275,145,389,0,0,34,0,-450,-1938
2020/2/3 0:00,8678,4146,6409,256,144,393,0,0,36,0,-832,-1874
2020/2/3 1:00,8757,4146,6473,248,144,390,0,0,31,0,-689,-1986
2020/2/3 2:00,9346,4146,6785,243,144,390,0,0,48,0,-262,-2148
2020/2/3 3:00,9816,4148,7118,270,144,392,0,0,47,0,-19,-2284
2020/2/3 4:00,10014,4145,7148,310,144,391,0,0,50,0,0,-2174
2020/2/3 5:00,10185,4146,7111,299,144,388,0,0,47,0,0,-1950
2020/2/3 6:00,10917,4144,7593,308,144,388,0,0,60,0,400,-2120
2020/2/3 7:00,11696,4147,7974,426,144,388,117,0,72,0,634,-2206
2020/2/3 8:00,11977,4146,8099,626,144,385,816,0,82,0,601,-2922
2020/2/3 9:00,12025,4146,7933,316,144,383,1791,0,89,0,211,-2988
2020/2/3 10:00,11572,4148,6987,199,144,381,2684,0,89,0,-310,-2750
2020/2/3 11:00,11326,4148,6615,206,144,383,3156,0,79,0,-585,-2820
2020/2/3 12:00,10727,4147,6250,216,144,386,3346,0,71,0,-1031,-2802
2020/2/3 13:00,10873,4147,6728,211,144,380,3149,0,71,0,-1105,-2852
2020/2/3 14:00,10695,4149,6907,198,144,369,2693,0,68,0,-923,-2910
2020/2/3 15:00,10526,4149,7038,229,144,358,2383,0,79,0,-1024,-2830
2020/2/3 16:00,10863,4141,7608,292,144,352,1308,0,88,0,-572,-2498
2020/2/3 17:00,11378,4148,8701,459,144,341,209,0,90,0,220,-2934
2020/2/3 18:00,12130,4141,8854,710,144,342,0,0,92,0,807,-2960
2020/2/3 19:00,12009,4151,8896,564,144,344,0,0,93,0,703,-2886
2020/2/3 20:00,11716,4140,8878,336,144,340,0,0,79,0,531,-2732
2020/2/3 21:00,11215,4147,8542,278,144,339,0,0,69,0,18,-2322
2020/2/3 22:00,10622,4149,7916,211,144,340,0,0,52,0,0,-2190
2020/2/3 23:00,10098,4147,7479,226,144,342,0,0,44,0,0,-2284
2020/2/4 0:00,9525,4151,6820,248,144,343,0,0,40,0,-127,-2094
2020/2/4 1:00,9534,4147,6704,220,144,342,0,0,35,0,-150,-1908
2020/2/4 2:00,10082,4145,7290,205,144,354,0,0,38,0,0,-2094
2020/2/4 3:00,10448,4146,7592,246,144,361,0,0,45,0,0,-2086
2020/2/4 4:00,10570,4148,7643,263,144,364,0,0,30,0,72,-2094
2020/2/4 5:00,10805,4149,7683,297,144,369,0,0,27,0,0,-1864
2020/2/4 6:00,11526,4146,8061,446,144,382,0,0,27,0,846,-2526
2020/2/4 7:00,12318,4148,8233,705,144,386,153,0,29,0,1110,-2590
2020/2/4 8:00,12335,4149,8152,473,144,382,1324,0,15,0,618,-2922
2020/2/4 9:00,11828,4147,6661,230,144,381,3024,0,2,0,-45,-2716
2020/2/4 10:00,11168,4149,4961,196,144,382,4749,0,1,0,-536,-2878
2020/2/4 11:00,10874,4148,4046,202,145,384,5546,0,1,0,-692,-2906
2020/2/4 12:00,10273,4152,3760,215,143,385,5637,0,3,0,-1234,-2788
2020/2/4 13:00,10310,4145,4594,191,146,382,5159,0,4,0,-1435,-2876
2020/2/4 14:00,10151,4154,5104,174,146,380,4466,0,9,0,-1492,-2790
2020/2/4 15:00,10149,4147,6227,198,146,380,3175,0,13,0,-1453,-2684
2020/2/4 16:00,10464,4143,7510,241,146,383,1512,0,15,0,-622,-2864
2020/2/4 17:00,11147,4145,8683,329,146,382,212,0,23,0,143,-2916
2020/2/4 18:00,12017,4143,8946,613,146,386,0,0,28,0,705,-2950
2020/2/4 19:00,11900,4139,8626,612,146,386,0,0,33,0,824,-2866
2020/2/4 20:00,11672,4147,8587,356,146,385,0,0,40,0,787,-2776
2020/2/4 21:00,11220,4145,8522,264,146,383,0,0,40,0,416,-2696
2020/2/4 22:00,10568,4146,8038,223,146,381,0,0,43,0,69,-2478
2020/2/4 23:00,10099,4144,7558,224,146,385,0,0,52,0,-96,-2314
2020/2/5 0:00,9510,4150,7199,243,147,386,0,0,75,0,-450,-2240
2020/2/5 1:00,9503,4146,7185,222,147,383,0,0,93,0,-297,-2376
2020/2/5 2:00,10068,4148,7543,215,147,385,0,0,114,0,-546,-1938
2020/2/5 3:00,10400,4147,7571,225,147,386,0,0,146,0,-266,-1956
2020/2/5 4:00,10553,4148,7596,260,147,388,0,0,158,0,-236,-1908
2020/2/5 5:00,10651,4147,7672,280,147,386,0,0,169,0,-24,-2126
2020/2/5 6:00,11335,4145,8119,419,147,388,0,0,189,0,478,-2550
2020/2/5 7:00,12072,4147,8251,564,147,387,145,0,208,0,1003,-2780
2020/2/5 8:00,12267,4145,7859,326,147,380,1113,0,214,0,1015,-2932
2020/2/5 9:00,12094,4149,7047,204,147,379,2603,0,199,0,328,-2962
2020/2/5 10:00,11408,4147,5469,186,147,368,3934,1,197,0,-74,-2966
2020/2/5 11:00,11217,4144,4413,201,147,313,4876,1,210,0,-169,-2918
2020/2/5 12:00,10597,4149,4161,199,147,303,5337,2,228,0,-1099,-2828
2020/2/5 13:00,10804,4088,4486,191,147,302,5412,1,234,0,-1180,-2876
2020/2/5 14:00,10583,4088,5053,174,147,308,4809,1,236,0,-1368,-2864
2020/2/5 15:00,10469,4108,6354,201,147,361,3605,1,221,0,-1690,-2838
2020/2/5 16:00,10978,4130,7426,261,147,374,1864,0,187,0,-583,-2828
2020/2/5 17:00,11830,4143,8841,388,147,377,298,0,183,0,395,-2942
2020/2/5 18:00,12721,4150,9413,656,147,378,0,0,181,0,702,-2906
2020/2/5 19:00,12745,4141,9471,648,147,376,0,0,172,0,656,-2866
2020/2/5 20:00,12444,4145,9494,500,147,377,0,0,164,0,399,-2782
2020/2/5 21:00,11976,4140,9430,260,147,375,0,0,162,0,164,-2702
2020/2/5 22:00,11260,4147,8700,212,147,375,0,0,169,0,0,-2490
2020/2/5 23:00,10734,4143,8175,200,147,377,0,0,164,0,-108,-2364
2020/2/6 0:00,10087,4144,7876,223,147,376,0,0,147,0,-576,-2250
2020/2/6 1:00,10189,4146,7694,203,147,375,0,0,125,0,-351,-2150
2020/2/6 2:00,10576,4147,7824,203,147,376,0,0,120,0,-19,-2222
2020/2/6 3:00,10907,4148,8087,244,147,378,0,0,125,0,0,-2222
2020/2/6 4:00,11010,4143,8139,271,147,379,0,0,141,0,0,-2210
2020/2/6 5:00,11211,4149,8228,299,147,377,0,0,143,0,0,-2132
2020/2/6 6:00,11992,4147,9065,424,147,379,0,0,133,0,295,-2598
2020/2/6 7:00,12839,4146,9168,631,147,375,203,0,108,0,755,-2694
2020/2/6 8:00,12810,4148,8948,345,147,370,1594,0,74,0,138,-2954
2020/2/6 9:00,12333,4147,7046,189,147,369,3467,1,52,0,-90,-2994
2020/2/6 10:00,11788,4148,5525,183,147,370,4989,2,42,0,-608,-3008
2020/2/6 11:00,11481,4148,4378,198,147,371,5845,2,42,0,-742,-2906
2020/2/6 12:00,10962,4147,3985,197,147,374,6118,2,38,0,-1250,-2794
2020/2/6 13:00,11042,4148,4619,175,147,372,5950,2,35,0,-1526,-2878
2020/2/6 14:00,10792,4148,5457,169,147,370,5007,2,34,0,-1664,-2876
2020/2/6 15:00,10722,4149,6591,184,147,370,3553,1,42,0,-1476,-2838
2020/2/6 16:00,11307,4143,7936,244,147,372,1491,0,30,0,-174,-2882
2020/2/6 17:00,12064,4148,9505,406,147,372,197,0,28,0,155,-2894
2020/2/6 18:00,12857,4141,9748,671,147,374,0,0,26,0,684,-2934
2020/2/6 19:00,12749,4142,9745,656,147,374,0,0,32,0,535,-2882
2020/2/6 20:00,12296,4144,9740,451,146,374,0,0,44,0,187,-2790
2020/2/6 21:00,11773,4147,9450,281,147,376,0,0,65,0,15,-2708
2020/2/6 22:00,11027,4149,8646,198,147,375,0,0,70,0,0,-2558
2020/2/6 23:00,10436,4148,8122,188,147,374,0,0,46,0,-99,-2490
2020/2/7 0:00,9792,4147,8163,222,147,375,0,0,23,0,-803,-2482
2020/2/7 1:00,9732,4146,8167,218,147,375,0,0,31,0,-870,-2482
2020/2/7 2:00,10127,4144,8127,202,146,375,0,0,25,0,-380,-2512
2020/2/7 3:00,10522,4149,8125,220,147,378,0,0,35,0,0,-2532
2020/2/7 4:00,10562,4147,8100,256,147,380,0,0,40,0,0,-2508
2020/2/7 5:00,10683,4148,8201,258,147,378,0,0,49,0,0,-2498
2020/2/7 6:00,11321,4146,8729,340,147,379,0,0,37,0,93,-2550
2020/2/7 7:00,12016,4151,8801,543,147,376,30,0,30,0,328,-2390
2020/2/7 8:00,12633,4144,8787,465,147,374,332,0,33,0,703,-2352
2020/2/7 9:00,12973,4148,8841,424,146,371,870,0,22,0,793,-2642
2020/2/7 10:00,12612,4145,8713,239,146,373,1467,0,28,0,463,-2962
2020/2/7 11:00,12251,4149,7689,188,146,374,1988,0,34,0,381,-2698
2020/2/7 12:00,11771,4146,6957,183,146,375,1830,0,32,0,-104,-1794
2020/2/7 13:00,12001,4147,7479,206,146,372,1586,0,26,0,417,-2378
2020/2/7 14:00,11937,4145,8391,210,146,371,1286,0,28,0,0,-2640
2020/2/7 15:00,11943,4146,9009,203,146,371,856,0,34,0,0,-2822
2020/2/7 16:00,12142,4143,9333,212,146,372,412,0,41,0,349,-2866
2020/2/7 17:00,12474,4139,9318,411,146,374,66,0,36,0,832,-2848
2020/2/7 18:00,12814,4139,9347,737,146,374,0,0,42,0,785,-2756
2020/2/7 19:00,12437,4143,8973,671,146,376,0,0,45,0,703,-2620
2020/2/7 20:00,12021,4149,8673,441,146,377,0,0,55,0,786,-2606
2020/2/7 21:00,11489,4143,8576,286,146,376,0,0,60,0,612,-2710
2020/2/7 22:00,10758,4149,8294,238,146,376,0,0,77,0,40,-2562
2020/2/7 23:00,10168,4147,7709,225,146,378,0,0,86,0,-21,-2502
2020/2/8 0:00,9546,4145,7133,195,147,378,0,0,94,0,-324,-2222
2020/2/8 1:00,9529,4147,7048,217,147,376,0,0,115,0,-301,-2220
2020/2/8 2:00,9995,4143,7520,222,147,378,0,0,141,0,-290,-2266
2020/2/8 3:00,10339,4146,7547,311,147,377,0,0,165,0,-80,-2274
2020/2/8 4:00,10367,4143,7434,322,147,377,0,0,182,0,0,-2238
2020/2/8 5:00,10148,4147,7160,294,147,377,0,0,195,0,0,-2172
2020/2/8 6:00,10267,4146,7201,344,147,377,0,0,188,0,0,-2136
2020/2/8 7:00,10822,4147,7479,380,147,378,159,0,179,0,33,-2080
2020/2/8 8:00,11033,4147,6829,245,147,376,1250,0,171,0,134,-2266
2020/2/8 9:00,10757,4148,5338,204,147,375,2785,1,185,0,-145,-2280
2020/2/8 10:00,10428,4150,4416,200,147,368,4039,1,177,0,-913,-2156
2020/2/8 11:00,10250,4145,3464,189,147,312,4862,1,197,0,-790,-2276
2020/2/8 12:00,9864,4145,3259,174,147,305,5072,1,201,0,-1139,-2300
2020/2/8 13:00,9687,4148,3310,185,147,303,5065,1,209,0,-1414,-2266
2020/2/8 14:00,9381,4146,3553,190,147,313,4462,1,227,0,-1439,-2218
2020/2/8 15:00,9191,4150,4519,190,147,371,3154,0,234,0,-1352,-2222
2020/2/8 16:00,9766,4141,5922,220,147,375,1722,0,243,0,-744,-2260
2020/2/8 17:00,10528,4142,6991,395,147,375,282,0,246,0,362,-2412
2020/2/8 18:00,11359,4147,7213,722,147,376,0,0,225,0,1099,-2570
2020/2/8 19:00,11315,4143,7108,630,147,378,0,0,202,0,1245,-2538
2020/2/8 20:00,10957,4150,7076,493,147,379,0,0,187,0,975,-2450
2020/2/8 21:00,10687,4146,7342,251,147,380,0,0,186,0,519,-2284
2020/2/8 22:00,10095,4144,7038,205,147,378,0,0,177,0,8,-2002
2020/2/8 23:00,9657,4150,6661,196,147,382,0,0,169,0,0,-2048
2020/2/9 0:00,9197,4149,6361,185,147,380,0,0,157,0,0,-2182
2020/2/9 1:00,9214,4145,6361,202,147,380,0,0,163,0,0,-2184
2020/2/9 2:00,9645,4144,6796,219,147,383,0,0,154,0,0,-2198
2020/2/9 3:00,9989,4143,6815,275,147,383,0,0,144,0,0,-1918
2020/2/9 4:00,9966,4141,6756,322,147,383,0,0,131,0,0,-1914
2020/2/9 5:00,9677,4147,6621,278,147,379,0,0,117,0,0,-2012
2020/2/9 6:00,9533,4144,6587,332,147,380,0,0,101,0,0,-2158
2020/2/9 7:00,9926,4146,6851,339,147,380,173,0,78,0,0,-2188
2020/2/9 8:00,10116,4144,6136,227,147,377,1194,0,53,0,0,-2162
2020/2/9 9:00,10202,4148,5271,198,147,379,2381,1,36,0,-648,-1710
2020/2/9 10:00,9794,4146,4556,201,147,380,3510,1,34,0,-1270,-1910
2020/2/9 11:00,9705,4147,3808,190,147,380,4228,1,40,0,-1287,-1948
2020/2/9 12:00,9657,4148,3650,170,147,382,3741,1,45,0,-648,-1978
2020/2/9 13:00,9487,4145,3984,182,147,379,3246,1,75,0,-585,-2086
2020/2/9 14:00,9293,4147,4279,187,147,379,2611,1,91,0,-516,-2032
2020/2/9 15:00,9387,4147,5160,187,147,379,1760,1,113,0,-304,-2202
2020/2/9 16:00,9893,4147,5995,213,147,379,878,0,138,0,44,-2048
2020/2/9 17:00,10753,4139,7150,363,147,380,167,0,136,0,605,-2334
2020/2/9 18:00,11518,4140,7405,717,147,382,0,0,130,0,1147,-2550
2020/2/9 19:00,11522,4139,7406,614,147,384,0,0,129,0,1217,-2514
2020/2/9 20:00,11274,4146,7431,496,147,382,0,0,140,0,952,-2420
2020/2/9 21:00,10849,4142,7660,314,147,384,0,0,167,0,301,-2266
2020/2/9 22:00,10143,4145,7325,205,147,382,0,0,169,0,0,-2230
2020/2/9 23:00,9631,4153,7040,195,147,381,0,0,185,0,-218,-2252
2020/2/10 0:00,9094,4147,6669,183,147,381,0,0,169,0,-424,-2178
2020/2/10 1:00,9159,4143,6632,204,147,381,0,0,182,0,-328,-2202
2020/2/10 2:00,9572,4148,6800,215,147,382,0,0,213,0,-39,-2294
2020/2/10 3:00,9976,4151,7116,229,147,383,0,0,236,0,0,-2286
2020/2/10 4:00,10134,4146,7220,230,147,381,0,0,242,0,0,-2232
2020/2/10 5:00,10339,4143,7327,259,147,379,0,0,246,0,0,-2162
2020/2/10 6:00,11081,4148,7670,328,146,378,0,0,239,0,240,-2068
2020/2/10 7:00,11903,4146,7761,492,147,378,194,0,227,0,760,-2202
2020/2/10 8:00,12212,4148,7691,299,147,373,1225,0,215,0,682,-2568
2020/2/10 9:00,12156,4148,7332,204,147,371,2576,0,202,0,158,-2982
2020/2/10 10:00,11788,4149,6243,194,147,374,3920,0,206,0,-431,-3014
2020/2/10 11:00,11317,4146,5467,180,147,376,4699,0,223,0,-1043,-2878
2020/2/10 12:00,10702,4146,4936,161,147,377,5212,0,235,0,-1706,-2806
2020/2/10 13:00,10612,4152,4762,171,147,376,5273,0,228,0,-1629,-2868
2020/2/10 14:00,10395,4147,5497,172,147,375,4751,0,215,0,-2023,-2886
2020/2/10 15:00,10312,4148,5988,168,147,368,3464,0,196,0,-1317,-2850
2020/2/10 16:00,10654,4143,6929,184,147,366,1715,0,173,0,-211,-2792
2020/2/10 17:00,11276,4141,8008,295,147,370,306,0,153,0,694,-2838
2020/2/10 18:00,11985,4141,8081,625,147,372,0,0,137,0,1440,-2958
2020/2/10 19:00,11890,4141,8107,615,147,376,0,0,123,0,1279,-2898
2020/2/10 20:00,11537,4150,8070,463,147,375,0,0,111,0,1003,-2782
2020/2/10 21:00,11136,4147,7952,238,147,376,0,0,111,0,773,-2608
2020/2/10 22:00,10576,4148,7792,195,147,376,0,0,90,0,254,-2426
2020/2/10 23:00,10068,4147,7237,181,147,377,0,0,73,0,72,-2166
2020/2/11 0:00,9542,4148,6956,155,146,378,0,0,65,0,-130,-2176
2020/2/11 1:00,9591,4146,6985,173,146,377,0,0,59,0,-83,-2212
2020/2/11 2:00,10009,4150,7153,188,146,378,0,0,47,0,187,-2240
2020/2/11 3:00,10335,4146,7170,276,146,378,0,0,45,0,310,-2136
2020/2/11 4:00,10382,4145,7134,319,146,379,0,0,39,0,194,-1974
2020/2/11 5:00,10259,4148,7228,268,146,380,0,0,45,0,202,-2158
2020/2/11 6:00,10389,4146,7408,281,146,379,0,0,38,0,145,-2154
2020/2/11 7:00,10883,4147,7464,301,146,381,243,0,42,0,365,-2206
2020/2/11 8:00,11138,4150,7068,226,146,377,1289,176,24,0,18,-2160
2020/2/11 9:00,10927,4146,5733,181,146,374,2805,388,12,0,-276,-2194
2020/2/11 10:00,10269,4150,4397,172,146,339,4263,582,8,0,-878,-2328
2020/2/11 11:00,9918,4149,3376,166,146,303,5255,725,4,0,-1121,-2360
2020/2/11 12:00,9536,4147,3163,158,146,306,5543,772,2,0,-1621,-2308
2020/2/11 13:00,9408,4143,3508,167,145,302,4864,669,2,0,-1497,-2226
2020/2/11 14:00,9312,4142,4792,168,146,340,3478,485,3,0,-1543,-2214
2020/2/11 15:00,9400,4145,5896,159,146,377,1996,284,3,0,-1118,-2204
2020/2/11 16:00,9861,4144,6583,180,146,379,1043,0,2,0,-526,-2090
2020/2/11 17:00,10509,4138,7377,298,146,377,206,0,5,0,398,-2436
2020/2/11 18:00,11281,4145,7591,638,146,382,0,0,11,0,950,-2582
2020/2/11 19:00,11251,4140,7619,623,146,381,0,0,14,0,938,-2610
2020/2/11 20:00,11042,4140,7616,561,146,380,0,0,14,0,655,-2470
2020/2/11 21:00,10544,4149,7566,288,146,380,0,0,20,0,365,-2370
2020/2/11 22:00,9888,4146,7238,185,146,380,0,0,30,0,15,-2252
2020/2/11 23:00,9354,4146,6977,169,146,380,0,0,45,0,-235,-2274
2020/2/12 0:00,8761,4145,6545,187,145,379,0,0,69,0,-541,-2168
2020/2/12 1:00,8810,4149,6575,175,145,377,0,0,87,0,-452,-2246
2020/2/12 2:00,9319,4150,6910,178,145,378,0,0,109,0,-285,-2266
2020/2/12 3:00,9725,4147,7098,201,145,381,0,0,128,0,-273,-2102
2020/2/12 4:00,9887,4146,7226,221,145,380,0,0,157,0,-312,-2076
2020/2/12 5:00,9903,4146,7137,234,145,379,0,0,173,0,-149,-2162
2020/2/12 6:00,10286,4147,7327,282,145,380,0,0,187,0,0,-2182
2020/2/12 7:00,10995,4147,7975,322,145,378,19,0,217,0,0,-2208
2020/2/12 8:00,11819,4147,8581,470,145,375,137,0,219,0,653,-2908
2020/2/12 9:00,12312,4148,8658,439,145,373,312,0,225,0,710,-2698
2020/2/12 10:00,12139,4152,8504,235,145,373,532,0,236,0,362,-2400
2020/2/12 11:00,12026,4148,8391,207,144,375,635,0,253,0,7,-2134
2020/2/12 12:00,11371,4149,7405,200,142,377,796,0,245,0,-87,-1856
2020/2/12 13:00,11532,4081,7893,200,145,374,783,0,250,0,-20,-2174
2020/2/12 14:00,11535,4064,8232,202,145,374,603,0,249,0,0,-2334
2020/2/12 15:00,11345,4086,8113,202,145,374,436,0,238,0,77,-2326
2020/2/12 16:00,11511,4108,8352,225,145,375,253,0,225,0,438,-2610
2020/2/12 17:00,11612,4125,8595,489,145,377,33,0,211,0,543,-2906
2020/2/12 18:00,11718,4143,8351,717,145,376,0,0,221,0,727,-2962
2020/2/12 19:00,11352,4146,8110,507,145,376,0,0,213,0,719,-2864
2020/2/12 20:00,10791,4146,7565,336,145,378,0,0,208,0,731,-2718
2020/2/12 21:00,10276,4140,7283,266,145,378,0,0,173,0,229,-2338
2020/2/12 22:00,9533,4148,6983,257,145,376,0,0,134,0,0,-2510
2020/2/12 23:00,9033,4143,6358,237,145,376,0,0,82,0,0,-2308
2020/2/13 0:00,8378,4151,5774,248,144,375,0,0,101,0,-519,-1896
2020/2/13 1:00,8379,4143,6041,276,143,374,0,0,90,0,-552,-2136
2020/2/13 2:00,8875,4151,6314,285,143,378,0,0,88,0,-162,-2322
2020/2/13 3:00,9283,4144,6310,272,143,378,0,0,84,0,0,-2048
2020/2/13 4:00,9563,4145,6267,500,143,379,0,0,87,0,0,-1958
2020/2/13 5:00,9401,4146,6225,502,143,379,0,0,93,0,-133,-1954
2020/2/13 6:00,9652,4147,6497,537,143,380,0,0,80,0,-330,-1802
2020/2/13 7:00,9964,4144,7005,510,143,376,183,0,64,0,-209,-2252
2020/2/13 8:00,10241,4147,6478,534,143,373,1262,0,47,0,-49,-2694
2020/2/13 9:00,10364,4150,5705,407,143,374,2822,0,44,0,-545,-2736
2020/2/13 10:00,10141,4147,4279,336,143,374,4219,0,40,0,-795,-2602
2020/2/13 11:00,10218,4148,3279,359,143,336,5623,0,27,0,-883,-2814
2020/2/13 12:00,9583,4144,2861,350,143,300,5986,172,28,0,-1369,-2860
2020/2/13 13:00,9531,4146,2939,331,143,309,5617,121,27,0,-1187,-2794
2020/2/13 14:00,9419,4149,3146,347,143,368,5000,0,33,0,-1385,-2382
2020/2/13 15:00,9271,4145,3706,345,142,372,3559,0,24,0,-914,-2108
2020/2/13 16:00,9510,4143,5165,379,142,373,1881,0,16,0,-379,-2210
2020/2/13 17:00,9939,4139,6785,535,141,351,336,0,12,0,14,-2374
2020/2/13 18:00,10515,4137,7003,786,143,375,0,0,10,0,253,-2192
2020/2/13 19:00,10401,4143,6920,700,143,379,0,0,7,0,21,-1912
2020/2/13 20:00,10113,4148,6502,507,143,379,0,0,6,0,0,-1572
2020/2/13 21:00,9721,4143,6405,384,143,376,0,0,2,0,0,-1732
2020/2/13 22:00,9343,4149,6577,366,143,378,0,0,3,0,-139,-2134
2020/2/13 23:00,8902,4146,6152,337,143,379,0,0,2,0,-381,-1876
2020/2/14 0:00,8380,4151,5565,307,144,377,0,0,2,0,-342,-1824
2020/2/14 1:00,8471,4148,5548,318,145,376,0,0,5,0,-149,-1920
2020/2/14 2:00,8990,4148,6154,309,145,377,0,0,5,0,0,-2148
2020/2/14 3:00,9441,4146,6248,338,145,380,0,0,8,0,0,-1824
2020/2/14 4:00,9563,4147,6306,363,145,382,0,0,20,0,0,-1800
2020/2/14 5:00,9406,4146,6275,336,145,380,0,0,44,0,46,-1966
2020/2/14 6:00,9642,4146,6170,374,145,377,0,0,62,0,0,-1632
2020/2/14 7:00,10174,4143,6250,455,145,376,22,0,59,0,292,-1568
2020/2/14 8:00,10891,4151,6328,558,145,373,306,0,73,0,377,-1420
2020/2/14 9:00,10997,4146,6195,552,145,371,1327,0,49,0,-148,-1640
2020/2/14 10:00,10477,4147,4976,376,145,375,3121,0,21,0,-1210,-1474
2020/2/14 11:00,10135,4148,3931,339,145,378,4547,0,8,0,-1461,-1900
2020/2/14 12:00,9489,4144,2881,327,145,377,4892,361,2,0,-1469,-1810
2020/2/14 13:00,9547,4153,2651,329,145,377,5069,398,3,0,-1472,-1708
2020/2/14 14:00,9405,4149,2664,331,145,376,4709,384,6,0,-1181,-1794
2020/2/14 15:00,9187,4142,2951,342,145,375,3558,161,6,0,-428,-1904
2020/2/14 16:00,9368,4141,3377,453,145,373,2044,0,7,0,822,-1994
2020/2/14 17:00,9607,4142,5170,757,145,378,385,0,13,0,1027,-2410
2020/2/14 18:00,10226,4139,6508,791,145,375,0,0,14,0,606,-2352
2020/2/14 19:00,10093,4145,6707,678,145,374,0,0,15,0,15,-1986
2020/2/14 20:00,9812,4148,6271,576,145,377,0,0,17,0,0,-1722
2020/2/14 21:00,9428,4150,6121,435,145,375,0,0,16,0,0,-1814
2020/2/14 22:00,9027,4148,6157,389,145,368,0,0,16,0,136,-2332
2020/2/14 23:00,8700,4148,5874,360,145,370,0,0,18,0,-115,-2100
2020/2/15 0:00,8148,4150,5353,365,144,371,0,0,32,0,-297,-1970
2020/2/15 1:00,8219,4150,5414,332,144,369,0,0,21,0,-85,-2126
2020/2/15 2:00,8709,4148,5494,361,144,372,0,0,20,0,0,-1830
2020/2/15 3:00,9112,4147,5885,509,144,373,0,0,42,0,0,-1988
2020/2/15 4:00,9243,4152,5864,515,144,373,0,0,59,0,0,-1864
2020/2/15 5:00,8919,4149,5765,394,144,371,0,0,56,0,-82,-1878
2020/2/15 6:00,8701,4147,5467,391,144,371,0,0,33,0,-42,-1810
2020/2/15 7:00,9067,4145,5384,531,144,370,24,0,25,0,0,-1556
2020/2/15 8:00,9664,4153,5401,515,144,367,292,0,58,0,0,-1266
2020/2/15 9:00,10006,4145,5475,327,144,366,886,0,69,0,0,-1406
2020/2/15 10:00,9808,4153,4403,310,144,369,1776,0,57,0,0,-1404
2020/2/15 11:00,9709,4149,3788,321,144,371,2287,0,68,0,103,-1522
2020/2/15 12:00,9353,4148,3187,300,144,372,2876,0,60,0,-240,-1494
2020/2/15 13:00,9115,4147,3020,284,144,372,2939,0,48,0,-349,-1490
2020/2/15 14:00,8939,4144,3125,310,144,370,2136,0,44,0,170,-1504
2020/2/15 15:00,8893,4147,4083,293,144,372,1197,0,46,0,169,-1558
2020/2/15 16:00,9143,4142,5284,316,144,371,443,0,42,0,51,-1650
2020/2/15 17:00,9404,4138,6099,529,144,375,65,0,62,0,72,-2080
2020/2/15 18:00,9779,4140,6718,741,144,377,0,0,63,0,0,-2404
2020/2/15 19:00,9599,4146,6403,674,144,380,0,0,64,0,0,-2212
2020/2/15 20:00,9246,4149,5941,567,144,381,0,0,72,0,-48,-1960
2020/2/15 21:00,8745,4149,5278,446,144,381,0,0,65,0,0,-1718
2020/2/15 22:00,8355,4148,5083,362,144,380,0,0,49,0,187,-1998
2020/2/15 23:00,8032,4149,5029,342,144,380,0,0,66,0,98,-2176
2020/2/16 0:00,7552,4148,4642,379,143,377,0,0,81,0,0,-2218
2020/2/16 1:00,7620,4147,4737,326,143,378,0,0,81,0,0,-2192
2020/2/16 2:00,8140,4151,5131,312,143,378,0,0,94,0,129,-2198
2020/2/16 3:00,8568,4147,5545,415,143,378,0,0,117,0,47,-2224
2020/2/16 4:00,8648,4147,5382,464,143,378,0,0,140,0,0,-2006
2020/2/16 5:00,8177,4147,5120,353,142,376,0,0,119,0,0,-2080
2020/2/16 6:00,7608,4146,4594,379,143,376,0,0,104,0,-196,-1938
2020/2/16 7:00,7725,4145,4408,418,143,376,33,0,170,0,-228,-1740
2020/2/16 8:00,8222,4143,4439,406,143,374,133,0,210,0,62,-1688
2020/2/16 9:00,8699,4144,4847,358,143,374,281,0,242,0,106,-1796
2020/2/16 10:00,8752,4140,4942,355,143,375,506,0,251,0,148,-2108
2020/2/16 11:00,8861,4147,4800,363,143,376,787,0,296,0,51,-2102
2020/2/16 12:00,8969,4143,4693,382,143,375,988,0,333,0,0,-2088
2020/2/16 13:00,8853,4144,4423,385,142,374,1047,0,342,0,0,-2004
2020/2/16 14:00,8936,4146,4593,392,143,374,905,0,341,0,0,-1958
2020/2/16 15:00,9112,4145,4948,411,143,376,661,0,336,0,0,-1908
2020/2/16 16:00,9486,4141,5393,433,143,376,298,0,340,0,0,-1638
2020/2/16 17:00,10207,4140,6148,529,143,376,45,0,337,0,45,-1556
2020/2/16 18:00,10742,4135,6705,775,143,377,0,0,330,0,7,-1730
2020/2/16 19:00,10703,4148,6591,784,143,378,0,0,317,0,0,-1658
2020/2/16 20:00,10454,4142,6520,515,143,378,0,0,310,0,0,-1554
2020/2/16 21:00,9951,4142,6139,493,143,375,0,0,299,0,0,-1640
2020/2/16 22:00,9360,4145,5728,442,143,378,0,0,284,0,0,-1760
2020/2/16 23:00,8842,4144,5273,403,143,377,0,0,290,0,0,-1788
2020/2/17 0:00,8393,4144,5174,405,144,377,0,0,293,0,-438,-1706
2020/2/17 1:00,8440,4143,5346,394,145,378,0,0,293,0,-311,-1948
2020/2/17 2:00,9068,4145,5745,490,145,379,0,0,288,0,0,-2124
2020/2/17 3:00,9550,4145,6026,542,144,377,0,0,285,0,-267,-1702
2020/2/17 4:00,9830,4145,6069,554,145,378,0,0,271,0,-48,-1684
2020/2/17 5:00,10052,4147,6190,515,145,377,0,0,268,0,0,-1590
2020/2/17 6:00,10710,4148,6746,537,145,375,0,0,261,0,0,-1502
2020/2/17 7:00,11518,4145,7189,727,145,370,179,0,267,0,0,-1504
2020/2/17 8:00,12094,4146,7283,671,145,366,999,0,260,0,54,-1830
2020/2/17 9:00,12418,4149,7216,576,146,367,1860,0,262,0,0,-2158
2020/2/17 10:00,12420,4148,6617,471,146,364,2580,0,276,0,-74,-2108
2020/2/17 11:00,12517,4144,6289,338,146,366,3304,0,291,0,-431,-1930
2020/2/17 12:00,12045,4147,5945,335,146,373,3288,0,285,0,-784,-1690
2020/2/17 13:00,12398,4086,6621,349,146,377,3297,0,283,0,-1161,-1600
2020/2/17 14:00,12282,4076,6482,361,146,377,2923,0,281,0,-768,-1596
2020/2/17 15:00,12173,4104,7190,382,146,378,2104,0,290,0,-339,-2082
2020/2/17 16:00,12520,4120,8203,404,146,376,1110,0,285,0,266,-2390
2020/2/17 17:00,12941,4138,8667,674,146,376,239,0,279,0,1218,-2796
2020/2/17 18:00,13644,4140,8865,928,146,379,0,0,261,0,1353,-2428
2020/2/17 19:00,13511,4143,8511,814,146,380,0,0,250,0,1223,-1956
2020/2/17 20:00,13051,4142,8323,536,146,380,0,0,250,0,1038,-1764
2020/2/17 21:00,12529,4144,8438,473,146,381,0,0,239,0,292,-1584
2020/2/17 22:00,11786,4148,8079,430,146,379,0,0,246,0,-64,-1578
2020/2/17 23:00,11137,4144,7877,381,146,380,0,0,250,0,-205,-1836
2020/2/18 0:00,10556,4150,7752,356,146,378,0,0,242,0,-378,-2090
2020/2/18 1:00,10459,4147,7796,347,147,377,0,0,248,0,-337,-2266
2020/2/18 2:00,10850,4147,7875,377,147,380,0,0,237,0,-241,-2072
2020/2/18 3:00,11106,4147,7857,442,147,380,0,0,228,0,-243,-1852
2020/2/18 4:00,11142,4145,7856,463,147,378,0,0,219,0,-238,-1828
2020/2/18 5:00,11336,4148,7966,502,147,380,0,0,220,0,-259,-1768
2020/2/18 6:00,12095,4148,8575,680,147,381,0,0,204,0,-142,-1898
2020/2/18 7:00,12937,4146,9606,775,147,380,184,0,202,0,193,-2696
2020/2/18 8:00,13676,4143,9590,669,147,374,878,0,194,0,579,-2898
2020/2/18 9:00,13929,4151,9209,515,147,375,1888,0,181,0,425,-2962
2020/2/18 10:00,13416,4146,8526,330,147,377,2668,0,174,0,26,-2978
2020/2/18 11:00,12958,4147,7710,300,147,377,3030,0,173,0,0,-2926
2020/2/18 12:00,12271,4148,6762,303,147,378,3688,0,169,0,-542,-2782
2020/2/18 13:00,12229,4150,7018,316,147,377,3993,0,151,0,-1037,-2886
2020/2/18 14:00,11710,4147,7120,304,147,379,3792,0,140,0,-1431,-2888
2020/2/18 15:00,11433,4148,7316,339,147,378,3230,0,135,0,-1408,-2852
2020/2/18 16:00,11639,4143,8011,375,147,377,1867,0,135,0,-648,-2768
2020/2/18 17:00,12273,4143,8868,630,147,379,466,0,124,0,178,-2662
2020/2/18 18:00,13144,4143,8925,869,147,380,1,0,102,0,921,-2344
2020/2/18 19:00,13219,4147,8864,740,147,381,0,0,66,0,1096,-2222
2020/2/18 20:00,12966,4147,8613,606,147,380,0,0,47,0,1268,-2242
2020/2/18 21:00,12525,4146,8824,407,147,381,0,0,34,0,1158,-2572
2020/2/18 22:00,11857,4145,8548,312,147,380,0,0,23,0,496,-2194
2020/2/18 23:00,11287,4148,8072,332,147,381,0,0,23,0,0,-1816
2020/2/19 0:00,10706,4147,7728,327,147,379,0,0,24,0,-372,-1674
2020/2/19 1:00,10635,4147,7802,297,147,382,0,0,34,0,-486,-1688
2020/2/19 2:00,10971,4148,7764,355,147,387,0,0,42,0,-156,-1716
2020/2/19 3:00,11254,4145,7853,405,147,386,0,0,50,0,0,-1732
2020/2/19 4:00,11299,4148,7843,429,147,388,0,0,44,0,0,-1700
2020/2/19 5:00,11452,4147,7870,467,147,391,0,0,40,0,0,-1610
2020/2/19 6:00,12371,4145,9034,653,147,390,0,0,48,0,292,-2338
2020/2/19 7:00,13068,4148,9203,777,147,383,432,0,32,0,270,-2324
2020/2/19 8:00,12857,4147,8235,658,147,367,1939,174,27,0,227,-2890
2020/2/19 9:00,12362,4148,6380,427,147,366,3708,321,12,0,0,-2826
2020/2/19 10:00,11731,4148,4597,300,147,354,5275,455,3,0,-547,-2546
2020/2/19 11:00,11285,4147,3898,249,146,297,6139,521,1,0,-684,-2908
2020/2/19 12:00,10557,4150,3685,236,144,292,6056,937,1,0,-1233,-2774
2020/2/19 13:00,10594,4148,3928,251,147,290,5849,915,4,0,-1195,-2828
2020/2/19 14:00,10335,4149,3849,245,147,298,5464,476,6,0,-969,-2854
2020/2/19 15:00,10067,4146,4442,253,147,356,4066,353,8,0,-1071,-2280
2020/2/19 16:00,10390,4151,5904,314,147,365,2405,0,8,0,-642,-2262
2020/2/19 17:00,10982,4141,7957,542,147,368,513,0,8,0,142,-2836
2020/2/19 18:00,11912,4139,8424,810,147,366,1,0,10,0,733,-2718
2020/2/19 19:00,12036,4143,8415,723,147,367,0,0,8,0,875,-2642
2020/2/19 20:00,11784,4151,8027,551,147,369,0,0,9,0,1050,-2520
2020/2/19 21:00,11404,4150,7774,327,147,368,0,0,4,0,1080,-2446
2020/2/19 22:00,10760,4146,7530,326,147,367,0,0,3,0,595,-2354
2020/2/19 23:00,10256,4149,7267,277,147,367,0,0,4,0,-9,-1946
2020/2/20 0:00,9672,4148,6929,268,148,370,0,0,7,0,-602,-1596
2020/2/20 1:00,9605,4149,6931,250,148,371,0,0,6,0,-626,-1624
2020/2/20 2:00,10033,4147,7084,278,148,372,0,0,4,0,-370,-1630
2020/2/20 3:00,10376,4150,7054,321,148,375,0,0,2,0,0,-1674
2020/2/20 4:00,10413,4148,7000,395,148,377,0,0,3,0,0,-1658
2020/2/20 5:00,10502,4147,6930,425,148,373,0,0,15,0,0,-1536
2020/2/20 6:00,11123,4150,7453,672,148,374,0,0,19,0,101,-1794
2020/2/20 7:00,11662,4149,7519,707,148,374,159,0,18,0,634,-2046
2020/2/20 8:00,11933,4146,7190,572,148,369,1067,58,1,1,1008,-2568
2020/2/20 9:00,11539,4149,6435,300,148,366,2858,155,1,1,102,-2820
2020/2/20 10:00,10921,4149,4624,235,146,357,5011,273,0,0,-627,-2974
2020/2/20 11:00,10678,4148,3659,217,142,304,6064,331,1,10,-925,-2932
2020/2/20 12:00,9936,4146,3391,235,142,298,5719,1021,1,18,-1206,-2790
2020/2/20 13:00,10189,4147,3449,216,142,293,5628,1008,1,34,-837,-2850
2020/2/20 14:00,10107,4149,3612,233,142,304,5544,310,1,46,-1180,-2698
2020/2/20 15:00,9682,4148,3945,222,142,361,4097,234,2,45,-1185,-2050
2020/2/20 16:00,9889,4145,5036,305,142,366,2417,0,32,0,-542,-2012
2020/2/20 17:00,10507,4142,5935,595,142,372,578,0,42,0,1023,-2322
2020/2/20 18:00,11361,4142,6903,785,142,376,2,0,40,0,1357,-2386
2020/2/20 19:00,11434,4144,7385,678,142,373,0,0,40,0,930,-2258
2020/2/20 20:00,11162,4146,7370,619,142,372,0,0,43,0,678,-2208
2020/2/20 21:00,10819,4145,7385,519,142,373,0,0,48,0,453,-2246
2020/2/20 22:00,10320,4149,7282,346,142,370,0,0,50,0,315,-2334
2020/2/20 23:00,9793,4147,6928,267,142,372,0,0,43,0,0,-2106
2020/2/21 0:00,9334,4147,6256,268,141,371,0,0,47,0,0,-1896
2020/2/21 1:00,9427,4145,6428,263,141,370,0,0,46,0,0,-1966
2020/2/21 2:00,9897,4147,6948,269,141,370,0,0,40,0,0,-2018
2020/2/21 3:00,10296,4147,7127,269,141,372,0,0,49,0,203,-2012
2020/2/21 4:00,10462,4147,7115,344,141,370,0,0,52,0,287,-1994
2020/2/21 5:00,10641,4147,7139,378,141,372,0,0,51,0,323,-1910
2020/2/21 6:00,11307,4150,7476,655,141,371,0,0,74,0,590,-2150
2020/2/21 7:00,11821,4148,7506,699,141,373,428,0,98,0,338,-1910
2020/2/21 8:00,11690,4149,6414,606,141,369,1833,321,102,0,-208,-1716
2020/2/21 9:00,11153,4150,4823,318,141,369,3480,624,74,0,-524,-1678
2020/2/21 10:00,10605,4145,3550,242,141,357,4936,884,40,0,-32,-2774
2020/2/21 11:00,10480,4151,3224,223,141,304,5672,1015,35,0,-350,-2920
2020/2/21 12:00,9864,4148,3001,238,141,300,5861,1047,39,0,-1086,-2778
2020/2/21 13:00,9933,4147,3085,215,140,297,5597,991,47,0,-737,-2858
2020/2/21 14:00,9742,4146,3268,235,135,304,4812,889,48,0,-368,-2838
2020/2/21 15:00,9550,4150,3668,229,135,362,3482,622,59,0,-41,-2494
2020/2/21 16:00,9741,4149,4347,287,136,373,2147,0,60,0,-46,-1712
2020/2/21 17:00,10044,4142,6079,440,136,374,459,0,55,0,325,-1966
2020/2/21 18:00,10705,4141,6991,757,136,376,0,0,74,0,24,-1794
2020/2/21 19:00,10691,4145,6812,712,136,374,0,0,92,0,0,-1580
2020/2/21 20:00,10341,4150,6570,610,136,376,0,0,121,0,0,-1622
2020/2/21 21:00,9958,4148,6463,402,136,373,0,0,160,0,0,-1724
2020/2/21 22:00,9483,4148,6101,346,136,371,0,0,180,0,373,-2172
2020/2/21 23:00,9027,4149,5755,285,136,374,0,0,189,0,39,-1900
2020/2/22 0:00,8501,4145,5309,239,135,370,0,0,207,0,0,-1904
2020/2/22 1:00,8512,4149,5384,258,135,366,0,0,214,0,0,-1994
2020/2/22 2:00,8980,4144,5738,249,135,368,0,0,200,0,80,-1934
2020/2/22 3:00,9342,4147,6030,294,135,372,0,0,193,0,129,-1958
2020/2/22 4:00,9370,4149,6150,329,135,374,0,0,175,0,0,-1942
2020/2/22 5:00,8996,4149,5757,368,135,373,0,0,174,0,0,-1960
2020/2/22 6:00,8733,4147,5301,451,134,371,0,0,167,0,0,-1838
2020/2/22 7:00,9117,4147,5434,580,130,372,25,0,154,0,207,-1932
2020/2/22 8:00,9747,4147,5874,536,130,368,208,33,154,0,596,-2266
2020/2/22 9:00,10015,4149,6045,457,128,369,609,85,158,0,434,-2334
2020/2/22 10:00,9789,4146,4960,319,127,335,1426,211,170,0,630,-2324
2020/2/22 11:00,9448,4149,3463,293,127,301,2679,361,186,0,588,-2338
2020/2/22 12:00,8776,4147,2741,264,127,299,3931,540,204,0,-621,-2316
2020/2/22 13:00,8610,4149,2471,291,127,298,4837,640,234,0,-1463,-2334
2020/2/22 14:00,8339,4147,2475,271,127,299,4627,685,237,0,-1462,-2382
2020/2/22 15:00,8277,4149,2625,303,127,309,3546,643,262,0,-846,-2198
2020/2/22 16:00,8570,4141,3196,318,127,365,2367,0,264,0,-872,-1336
2020/2/22 17:00,9026,4147,4619,628,127,375,566,0,261,0,335,-2032
2020/2/22 18:00,10024,4143,6644,751,127,374,1,0,289,0,57,-2362
2020/2/22 19:00,10057,4143,6701,776,127,375,0,0,281,0,0,-2346
2020/2/22 20:00,9820,4146,6584,559,127,378,0,0,280,0,38,-2292
2020/2/22 21:00,9480,4145,6092,439,127,376,0,0,280,0,94,-2073
2020/2/22 22:00,9121,4154,5545,360,127,375,0,0,273,0,0,-1713
2020/2/22 23:00,8669,4148,5289,309,127,375,0,0,257,0,0,-1836
2020/2/23 0:00,8250,4148,4598,279,127,375,0,0,239,0,0,-1516
2020/2/23 1:00,8278,4146,4624,295,128,371,0,0,220,0,0,-1506
2020/2/23 2:00,8767,4144,5269,335,128,365,0,0,222,0,136,-1832
2020/2/23 3:00,9255,4152,5651,465,128,363,0,0,223,0,139,-1866
2020/2/23 4:00,9351,4148,5848,359,128,365,0,0,203,0,0,-1700
2020/2/23 5:00,9101,4146,5729,510,128,364,0,0,168,0,18,-1962
2020/2/23 6:00,8834,4147,5199,555,128,364,0,0,137,0,52,-1748
2020/2/23 7:00,9043,4150,4454,566,128,366,453,0,91,0,253,-1418
2020/2/23 8:00,8810,4147,3388,360,128,358,1477,849,5,47,357,-1410
2020/2/23 9:00,8476,4147,2994,295,128,327,2761,1546,2,42,202,-2380
2020/2/23 10:00,8376,4149,2386,261,128,304,3925,2160,2,66,-397,-2382
2020/2/23 11:00,8225,4147,2339,264,128,280,4471,2560,2,76,-1096,-2310
2020/2/23 12:00,8229,4150,2301,233,128,280,4588,2803,3,82,-1184,-2270
2020/2/23 13:00,7968,4148,2305,252,128,279,4426,2705,2,84,-1320,-2252
2020/2/23 14:00,7736,4146,2350,235,128,278,3889,2448,2,80,-1080,-2212
2020/2/23 15:00,7661,4149,2489,258,128,286,2978,1788,3,71,-444,-2186
2020/2/23 16:00,8066,4142,3099,280,128,327,2568,0,50,0,-354,-2174
2020/2/23 17:00,8814,4143,4953,489,128,332,664,0,59,0,122,-2076
2020/2/23 18:00,9970,4146,6587,749,128,333,2,0,52,0,157,-2184
2020/2/23 19:00,10128,4150,6717,681,128,339,0,0,47,0,0,-1934
2020/2/23 20:00,10015,4147,6575,565,128,347,0,0,32,0,141,-1920
2020/2/23 21:00,9685,4151,6375,489,128,349,0,0,38,0,145,-1990
2020/2/23 22:00,9313,4147,6224,358,128,346,0,0,38,0,166,-2094
2020/2/23 23:00,8883,4150,5550,273,128,350,0,0,36,0,0,-1604
2020/2/24 0:00,8544,4149,5204,240,128,350,0,0,23,0,0,-1550
2020/2/24 1:00,8730,4146,5488,253,128,349,0,0,20,0,0,-1654
2020/2/24 2:00,9301,4146,6073,242,128,351,0,0,13,0,112,-1764
2020/2/24 3:00,9656,4144,6243,385,128,351,0,0,11,0,398,-2004
2020/2/24 4:00,9832,4148,6230,447,128,350,0,0,13,0,364,-1848
2020/2/24 5:00,9698,4147,6158,431,128,350,0,0,15,0,101,-1632
2020/2/24 6:00,9771,4148,6148,537,128,350,1,0,14,0,13,-1568
2020/2/24 7:00,10161,4147,5787,563,128,349,488,0,14,0,327,-1642
2020/2/24 8:00,10049,4147,4884,397,128,346,1555,726,11,0,387,-1806
2020/2/24 9:00,9736,4148,3650,271,128,346,2894,1312,3,0,366,-2070
2020/2/24 10:00,9409,4149,2682,225,128,321,4066,1818,2,0,178,-2342
2020/2/24 11:00,9092,4150,2598,240,128,296,4512,2270,2,0,-510,-2324
2020/2/24 12:00,8820,4149,2560,233,128,298,4477,2538,2,0,-739,-2288
2020/2/24 13:00,8707,4145,2657,237,128,296,4200,2414,4,0,-682,-2278
2020/2/24 14:00,8470,4149,2726,216,128,294,3720,1922,5,0,-528,-2240
2020/2/24 15:00,8369,4144,3090,238,127,302,2841,1303,2,0,-193,-2182
2020/2/24 16:00,8838,4145,4079,259,128,344,2106,0,1,0,-156,-2068
2020/2/24 17:00,9269,4141,5682,481,128,347,564,0,5,0,167,-2246
2020/2/24 18:00,10233,4146,6529,779,128,350,1,0,5,0,779,-2484
2020/2/24 19:00,10342,4148,6941,728,128,349,0,0,4,0,447,-2403
2020/2/24 20:00,10096,4150,6945,586,128,351,0,0,5,0,186,-2255
2020/2/24 21:00,9637,4144,6897,320,128,350,0,0,6,0,75,-2283
2020/2/24 22:00,9132,4148,6558,247,128,348,0,0,12,0,-70,-2239
2020/2/24 23:00,8637,4149,6102,262,128,352,0,0,14,0,-366,-2004
2020/2/25 0:00,8122,4148,5688,254,128,349,0,0,21,0,-714,-1752
2020/2/25 1:00,8241,4147,5737,253,128,349,0,0,36,0,-639,-1770
2020/2/25 2:00,8884,4145,6115,226,128,350,0,0,42,0,-332,-1790
2020/2/25 3:00,9288,4144,6199,255,128,349,0,0,50,0,-11,-1826
2020/2/25 4:00,9512,4146,6343,302,128,350,0,0,59,0,0,-1816
2020/2/25 5:00,9571,4147,6432,347,128,348,0,0,63,0,0,-1894
2020/2/25 6:00,10011,4146,6879,527,128,347,0,0,74,0,0,-2090
2020/2/25 7:00,10444,4148,6933,673,128,347,320,0,83,0,0,-2188
2020/2/25 8:00,10748,4145,6964,527,128,342,1281,0,87,0,160,-2886
2020/2/25 9:00,10757,4150,6265,377,128,343,2645,0,97,0,-170,-3078
2020/2/25 10:00,10461,4148,5319,262,128,340,4090,0,98,0,-948,-2976
2020/2/25 11:00,10384,4148,4437,249,127,341,4665,0,109,0,-812,-2880
2020/2/25 12:00,9693,4149,3613,233,125,343,4210,0,114,0,-532,-2562
2020/2/25 13:00,9902,4093,4314,241,128,340,3075,0,129,0,-96,-2322
2020/2/25 14:00,9906,4077,5308,216,128,340,2002,0,117,0,204,-2486
2020/2/25 15:00,9835,4103,6325,239,128,342,1217,0,122,0,97,-2738
2020/2/25 16:00,10146,4135,6850,262,128,340,612,0,113,0,336,-2630
2020/2/25 17:00,10341,4145,6951,508,128,341,127,0,125,0,210,-2194
2020/2/25 18:00,10537,4146,7036,760,128,346,0,0,146,0,123,-2148
2020/2/25 19:00,10291,4143,6962,613,127,346,0,0,163,0,15,-2078
2020/2/25 20:00,9849,4145,6615,446,126,345,0,0,172,0,0,-2000
2020/2/25 21:00,9339,4145,6042,307,127,345,0,0,207,0,0,-1834
2020/2/25 22:00,8863,4150,5600,303,127,345,0,0,205,0,447,-2314
2020/2/25 23:00,8441,4149,5136,233,127,345,0,0,187,0,212,-1948
2020/2/26 0:00,7864,4149,4986,248,125,331,0,0,178,0,-251,-1902
2020/2/26 1:00,7889,4148,5062,230,125,329,0,0,166,0,-137,-2034
2020/2/26 2:00,8442,4145,5322,254,125,330,0,0,172,0,112,-2018
2020/2/26 3:00,8969,4145,5845,264,125,330,0,0,163,0,133,-2036
2020/2/26 4:00,9039,4142,5952,396,124,331,0,0,138,0,0,-2044
2020/2/26 5:00,8866,4147,5660,443,125,331,0,0,114,0,0,-1954
2020/2/26 6:00,8993,4146,5539,566,125,330,0,0,110,0,151,-1974
2020/2/26 7:00,9403,4146,5500,605,125,329,159,0,110,0,213,-1784
2020/2/26 8:00,9928,4148,5505,409,125,326,879,0,87,0,569,-2120
2020/2/26 9:00,10160,4151,4552,333,125,327,2053,0,82,0,473,-1936
2020/2/26 10:00,9981,4149,3722,248,125,325,3741,1,80,0,-265,-2144
2020/2/26 11:00,9942,4150,3380,241,125,287,4750,1,87,0,-340,-2738
2020/2/26 12:00,9365,4151,3098,258,125,283,4441,112,117,0,-356,-2752
2020/2/26 13:00,9751,4147,3564,248,125,281,4093,222,143,0,-20,-2830
2020/2/26 14:00,9561,4148,3819,246,125,288,3792,114,141,0,-122,-2876
2020/2/26 15:00,9449,4147,4223,268,125,325,3311,1,145,0,-837,-2258
2020/2/26 16:00,9501,4142,4641,310,125,336,1808,0,121,0,-382,-1600
2020/2/26 17:00,9811,4143,5642,409,125,339,436,0,104,0,171,-1558
2020/2/26 18:00,10405,4142,6477,569,125,335,2,0,95,0,132,-1472
2020/2/26 19:00,10282,4147,6618,626,125,332,0,0,107,0,51,-1724
2020/2/26 20:00,9977,4149,6570,635,125,333,0,0,108,0,31,-1974
2020/2/26 21:00,9562,4147,6361,573,125,331,0,0,91,0,0,-2066
2020/2/26 22:00,9075,4149,6172,498,124,328,0,0,79,0,39,-2314
2020/2/26 23:00,8628,4150,5601,294,125,331,0,0,75,0,0,-1948
2020/2/27 0:00,8217,4149,5064,265,127,346,0,0,66,0,-86,-1714
2020/2/27 1:00,8236,4147,4938,281,127,346,0,0,68,0,-7,-1664
2020/2/27 2:00,8843,4147,5512,263,127,348,0,0,73,0,159,-1786
2020/2/27 3:00,9264,4148,6144,312,127,352,0,0,65,0,0,-1884
2020/2/27 4:00,9551,4146,6275,388,127,350,0,0,91,0,0,-1826
2020/2/27 5:00,9486,4146,6293,546,127,350,0,0,82,0,0,-2058
2020/2/27 6:00,9867,4147,6326,634,127,350,1,0,97,0,-25,-1790
2020/2/27 7:00,10294,4150,6613,620,127,349,377,0,94,0,0,-2036
2020/2/27 8:00,10561,4149,6599,379,127,341,1557,0,99,0,0,-2690
2020/2/27 9:00,10672,4146,5708,290,127,329,2824,2,92,0,-154,-2690
2020/2/27 10:00,10494,4149,4430,253,127,326,3855,2,78,0,-374,-2350
2020/2/27 11:00,10658,4148,3958,244,127,288,4597,3,84,0,128,-2916
2020/2/27 12:00,10040,4148,3850,232,127,284,4733,3,90,0,-582,-2842
2020/2/27 13:00,10417,4148,4218,229,127,279,4985,3,106,0,-745,-2930
2020/2/27 14:00,9958,4146,4662,230,127,287,4348,2,109,0,-1071,-2880
2020/2/27 15:00,9959,4149,5188,237,127,327,3579,2,114,0,-1394,-2368
2020/2/27 16:00,10112,4145,6383,274,127,339,2151,0,118,0,-949,-2476
2020/2/27 17:00,10565,4141,7348,397,127,344,614,0,110,0,-8,-2508
2020/2/27 18:00,11267,4147,7707,816,127,344,4,0,99,0,983,-2960
2020/2/27 19:00,11322,4142,7434,778,127,348,0,0,88,0,959,-2554
2020/2/27 20:00,11048,4144,7336,687,127,351,0,0,84,0,613,-2294
2020/2/27 21:00,10639,4146,7310,506,127,351,0,0,84,0,215,-2100
2020/2/27 22:00,10072,4149,7201,318,127,353,0,0,75,0,0,-2151
2020/2/27 23:00,9605,4147,7074,273,127,355,0,0,73,0,-55,-2389
2020/2/28 0:00,9030,4145,6687,270,128,352,0,0,77,0,-301,-2328
2020/2/28 1:00,8995,4146,6667,259,128,351,0,0,100,0,-300,-2356
2020/2/28 2:00,9487,4148,7102,263,128,352,0,0,109,0,-149,-2466
2020/2/28 3:00,9953,4144,7223,323,128,352,0,0,109,0,0,-2326
2020/2/28 4:00,10152,4148,7287,381,128,352,0,0,105,0,117,-2366
2020/2/28 5:00,10339,4144,7331,401,128,350,0,0,99,0,286,-2400
2020/2/28 6:00,10868,4151,7527,581,128,350,2,0,101,0,470,-2442
2020/2/28 7:00,11280,4147,7449,695,128,349,552,0,93,0,475,-2608
2020/2/28 8:00,11383,4147,6819,570,128,344,1870,0,82,0,1,-2578
2020/2/28 9:00,11572,4147,6489,350,128,346,2681,0,77,0,0,-2646
2020/2/28 10:00,11515,4145,6602,286,128,344,3259,0,81,0,-448,-2882
2020/2/28 11:00,11227,4150,6174,289,128,343,3724,0,78,0,-1087,-2572
2020/2/28 12:00,10720,4149,5903,289,128,344,2971,0,54,0,-912,-2206
2020/2/28 13:00,10964,4148,6745,288,128,340,1947,0,56,0,90,-2778
2020/2/28 14:00,10994,4145,7114,286,128,342,1141,0,57,0,455,-2674
2020/2/28 15:00,11006,4149,7245,278,128,346,538,0,61,0,663,-2402
2020/2/28 16:00,11392,4148,7837,350,128,345,153,0,77,0,792,-2438
2020/2/28 17:00,11723,4142,8510,560,128,351,14,0,104,0,706,-2792
2020/2/28 18:00,12010,4145,8588,855,128,358,0,0,110,0,768,-2942
2020/2/28 19:00,11729,4144,8557,769,128,360,0,0,118,0,531,-2878
2020/2/28 20:00,11294,4144,8461,644,128,365,0,0,117,0,75,-2640
2020/2/28 21:00,10671,4147,7994,467,128,391,0,0,103,0,0,-2559
2020/2/28 22:00,10112,4147,7302,407,128,405,0,0,102,0,0,-2379
2020/2/28 23:00,9552,4150,7072,325,128,402,0,0,112,0,-363,-2274
2020/2/29 0:00,8816,4149,6460,303,128,398,0,0,114,0,-544,-2192
2020/2/29 1:00,8795,4145,6308,336,128,399,0,0,108,0,-547,-2082
2020/2/29 2:00,9194,4150,6610,384,128,398,0,0,97,0,-335,-2238
2020/2/29 3:00,9579,4148,6737,621,128,395,0,0,90,0,-264,-2276
2020/2/29 4:00,9626,4149,6602,528,128,396,0,0,73,0,-272,-1978
2020/2/29 5:00,9321,4150,6222,476,128,399,0,0,55,0,-289,-1820
2020/2/29 6:00,9129,4147,5948,491,128,397,0,0,46,0,-298,-1730
2020/2/29 7:00,9714,4148,6822,529,127,394,10,0,43,0,-289,-2070
2020/2/29 8:00,10443,4146,7064,580,128,391,95,0,51,0,-62,-1950
2020/2/29 9:00,10863,4147,7091,598,128,392,281,0,56,0,112,-1942
2020/2/29 10:00,10779,4149,6955,489,128,391,600,0,53,0,68,-2054
2020/2/29 11:00,10764,4148,6869,468,128,394,830,0,51,0,0,-2124
2020/2/29 12:00,10438,4149,6410,485,128,393,536,0,70,0,101,-1834
2020/2/29 13:00,10440,4147,6784,494,128,395,534,0,84,0,92,-2218
2020/2/29 14:00,10300,4146,6760,493,128,394,523,0,91,0,7,-2242
2020/2/29 15:00,10174,4146,6693,491,128,395,438,0,97,0,4,-2218
2020/2/29 16:00,10300,4145,7063,527,128,397,189,0,69,0,5,-2223
2020/2/29 17:00,10503,4143,7104,653,128,402,31,0,76,0,47,-2081
2020/2/29 18:00,10699,4139,7166,944,128,405,0,0,71,0,2,-2156
2020/2/29 19:00,10513,4143,7049,920,128,405,0,0,43,0,0,-2175
2020/2/29 20:00,10070,4149,6864,780,128,404,0,0,27,0,5,-2287
2020/2/29 21:00,9617,4149,6648,695,128,408,0,0,23,0,9,-2443
2020/2/29 22:00,9143,4148,5949,623,128,406,0,0,25,0,5,-2141
2020/2/29 23:00,8686,4149,5420,550,128,408,0,0,33,0,-140,-1862
