DATE,TIME,electricity
1/1/2020,0:00,2857
1/1/2020,1:00,2703
1/1/2020,2:00,2602
1/1/2020,3:00,2520
1/1/2020,4:00,2464
1/1/2020,5:00,2469
1/1/2020,6:00,2585
1/1/2020,7:00,2763
1/1/2020,8:00,2917
1/1/2020,9:00,2859
1/1/2020,10:00,2718
1/1/2020,11:00,2595
1/1/2020,12:00,2520
1/1/2020,13:00,2449
1/1/2020,14:00,2432
1/1/2020,15:00,2503
1/1/2020,16:00,2717
1/1/2020,17:00,3019
1/1/2020,18:00,3089
1/1/2020,19:00,3105
1/1/2020,20:00,3107
1/1/2020,21:00,3075
1/1/2020,22:00,2963
1/1/2020,23:00,2843
1/2/2020,0:00,2640
1/2/2020,1:00,2514
1/2/2020,2:00,2468
1/2/2020,3:00,2441
1/2/2020,4:00,2435
1/2/2020,5:00,2487
1/2/2020,6:00,2658
1/2/2020,7:00,2863
1/2/2020,8:00,3010
1/2/2020,9:00,2961
1/2/2020,10:00,2865
1/2/2020,11:00,2773
1/2/2020,12:00,2687
1/2/2020,13:00,2583
1/2/2020,14:00,2541
1/2/2020,15:00,2600
1/2/2020,16:00,2808
1/2/2020,17:00,3107
1/2/2020,18:00,3187
1/2/2020,19:00,3196
1/2/2020,20:00,3184
1/2/2020,21:00,3128
1/2/2020,22:00,2999
1/2/2020,23:00,2868
1/3/2020,0:00,2653
1/3/2020,1:00,2525
1/3/2020,2:00,2478
1/3/2020,3:00,2457
1/3/2020,4:00,2449
1/3/2020,5:00,2503
1/3/2020,6:00,2670
1/3/2020,7:00,2892
1/3/2020,8:00,3074
1/3/2020,9:00,3034
1/3/2020,10:00,2908
1/3/2020,11:00,2777
1/3/2020,12:00,2693
1/3/2020,13:00,2629
1/3/2020,14:00,2603
1/3/2020,15:00,2647
1/3/2020,16:00,2845
1/3/2020,17:00,3159
1/3/2020,18:00,3251
1/3/2020,19:00,3263
1/3/2020,20:00,3239
1/3/2020,21:00,3168
1/3/2020,22:00,3021
1/3/2020,23:00,2874
1/4/2020,0:00,2662
1/4/2020,1:00,2535
1/4/2020,2:00,2481
1/4/2020,3:00,2448
1/4/2020,4:00,2442
1/4/2020,5:00,2506
1/4/2020,6:00,2704
1/4/2020,7:00,2942
1/4/2020,8:00,3179
1/4/2020,9:00,3229
1/4/2020,10:00,3143
1/4/2020,11:00,3055
1/4/2020,12:00,2990
1/4/2020,13:00,2929
1/4/2020,14:00,2936
1/4/2020,15:00,2999
1/4/2020,16:00,3203
1/4/2020,17:00,3441
1/4/2020,18:00,3486
1/4/2020,19:00,3473
1/4/2020,20:00,3414
1/4/2020,21:00,3286
1/4/2020,22:00,3096
1/4/2020,23:00,2945
1/5/2020,0:00,2753
1/5/2020,1:00,2624
1/5/2020,2:00,2575
1/5/2020,3:00,2544
1/5/2020,4:00,2531
1/5/2020,5:00,2590
1/5/2020,6:00,2771
1/5/2020,7:00,3014
1/5/2020,8:00,3234
1/5/2020,9:00,3263
1/5/2020,10:00,3172
1/5/2020,11:00,3077
1/5/2020,12:00,3014
1/5/2020,13:00,2970
1/5/2020,14:00,2956
1/5/2020,15:00,3039
1/5/2020,16:00,3290
1/5/2020,17:00,3667
1/5/2020,18:00,3777
1/5/2020,19:00,3778
1/5/2020,20:00,3736
1/5/2020,21:00,3593
1/5/2020,22:00,3367
1/5/2020,23:00,3161
1/6/2020,0:00,2900
1/6/2020,1:00,2756
1/6/2020,2:00,2698
1/6/2020,3:00,2674
1/6/2020,4:00,2715
1/6/2020,5:00,2953
1/6/2020,6:00,3454
1/6/2020,7:00,3881
1/6/2020,8:00,4168
1/6/2020,9:00,4201
1/6/2020,10:00,4058
1/6/2020,11:00,3945
1/6/2020,12:00,3731
1/6/2020,13:00,3782
1/6/2020,14:00,3771
1/6/2020,15:00,3808
1/6/2020,16:00,4012
1/6/2020,17:00,4177
1/6/2020,18:00,4154
1/6/2020,19:00,4077
1/6/2020,20:00,3965
1/6/2020,21:00,3804
1/6/2020,22:00,3600
1/6/2020,23:00,3338
1/7/2020,0:00,3054
1/7/2020,1:00,2903
1/7/2020,2:00,2857
1/7/2020,3:00,2843
1/7/2020,4:00,2873
1/7/2020,5:00,3075
1/7/2020,6:00,3534
1/7/2020,7:00,3903
1/7/2020,8:00,4291
1/7/2020,9:00,4485
1/7/2020,10:00,4403
1/7/2020,11:00,4334
1/7/2020,12:00,4201
1/7/2020,13:00,4294
1/7/2020,14:00,4278
1/7/2020,15:00,4311
1/7/2020,16:00,4466
1/7/2020,17:00,4501
1/7/2020,18:00,4442
1/7/2020,19:00,4335
1/7/2020,20:00,4208
1/7/2020,21:00,4010
1/7/2020,22:00,3773
1/7/2020,23:00,3494
1/8/2020,0:00,3174
1/8/2020,1:00,2998
1/8/2020,2:00,2916
1/8/2020,3:00,2882
1/8/2020,4:00,2909
1/8/2020,5:00,3091
1/8/2020,6:00,3537
1/8/2020,7:00,3940
1/8/2020,8:00,4355
1/8/2020,9:00,4653
1/8/2020,10:00,4638
1/8/2020,11:00,4631
1/8/2020,12:00,4287
1/8/2020,13:00,4315
1/8/2020,14:00,4206
1/8/2020,15:00,4138
1/8/2020,16:00,4272
1/8/2020,17:00,4399
1/8/2020,18:00,4363
1/8/2020,19:00,4263
1/8/2020,20:00,4134
1/8/2020,21:00,3950
1/8/2020,22:00,3725
1/8/2020,23:00,3430
1/9/2020,0:00,3108
1/9/2020,1:00,2927
1/9/2020,2:00,2852
1/9/2020,3:00,2823
1/9/2020,4:00,2862
1/9/2020,5:00,3040
1/9/2020,6:00,3463
1/9/2020,7:00,3750
1/9/2020,8:00,3966
1/9/2020,9:00,4010
1/9/2020,10:00,3887
1/9/2020,11:00,3786
1/9/2020,12:00,3585
1/9/2020,13:00,3679
1/9/2020,14:00,3663
1/9/2020,15:00,3693
1/9/2020,16:00,3878
1/9/2020,17:00,4090
1/9/2020,18:00,4086
1/9/2020,19:00,3994
1/9/2020,20:00,3876
1/9/2020,21:00,3705
1/9/2020,22:00,3522
1/9/2020,23:00,3285
1/10/2020,0:00,3009
1/10/2020,1:00,2864
1/10/2020,2:00,2818
1/10/2020,3:00,2817
1/10/2020,4:00,2870
1/10/2020,5:00,3072
1/10/2020,6:00,3504
1/10/2020,7:00,3840
1/10/2020,8:00,4095
1/10/2020,9:00,4127
1/10/2020,10:00,3959
1/10/2020,11:00,3859
1/10/2020,12:00,3684
1/10/2020,13:00,3756
1/10/2020,14:00,3739
1/10/2020,15:00,3774
1/10/2020,16:00,3936
1/10/2020,17:00,4124
1/10/2020,18:00,4115
1/10/2020,19:00,4022
1/10/2020,20:00,3913
1/10/2020,21:00,3769
1/10/2020,22:00,3615
1/10/2020,23:00,3399
1/11/2020,0:00,3139
1/11/2020,1:00,2982
1/11/2020,2:00,2902
1/11/2020,3:00,2857
1/11/2020,4:00,2844
1/11/2020,5:00,2907
1/11/2020,6:00,3121
1/11/2020,7:00,3411
1/11/2020,8:00,3812
1/11/2020,9:00,4001
1/11/2020,10:00,3899
1/11/2020,11:00,3729
1/11/2020,12:00,3520
1/11/2020,13:00,3417
1/11/2020,14:00,3355
1/11/2020,15:00,3355
1/11/2020,16:00,3521
1/11/2020,17:00,3786
1/11/2020,18:00,3832
1/11/2020,19:00,3800
1/11/2020,20:00,3724
1/11/2020,21:00,3591
1/11/2020,22:00,3402
1/11/2020,23:00,3229
1/12/2020,0:00,3007
1/12/2020,1:00,2871
1/12/2020,2:00,2807
1/12/2020,3:00,2774
1/12/2020,4:00,2764
1/12/2020,5:00,2818
1/12/2020,6:00,2998
1/12/2020,7:00,3223
1/12/2020,8:00,3461
1/12/2020,9:00,3603
1/12/2020,10:00,3587
1/12/2020,11:00,3477
1/12/2020,12:00,3389
1/12/2020,13:00,3359
1/12/2020,14:00,3291
1/12/2020,15:00,3354
1/12/2020,16:00,3538
1/12/2020,17:00,3763
1/12/2020,18:00,3796
1/12/2020,19:00,3750
1/12/2020,20:00,3663
1/12/2020,21:00,3511
1/12/2020,22:00,3307
1/12/2020,23:00,3109
1/13/2020,0:00,2868
1/13/2020,1:00,2737
1/13/2020,2:00,2692
1/13/2020,3:00,2674
1/13/2020,4:00,2699
1/13/2020,5:00,2796
1/13/2020,6:00,3025
1/13/2020,7:00,3283
1/13/2020,8:00,3550
1/13/2020,9:00,3586
1/13/2020,10:00,3481
1/13/2020,11:00,3376
1/13/2020,12:00,3247
1/13/2020,13:00,3242
1/13/2020,14:00,3212
1/13/2020,15:00,3249
1/13/2020,16:00,3405
1/13/2020,17:00,3713
1/13/2020,18:00,3812
1/13/2020,19:00,3783
1/13/2020,20:00,3713
1/13/2020,21:00,3558
1/13/2020,22:00,3338
1/13/2020,23:00,3102
1/14/2020,0:00,2857
1/14/2020,1:00,2742
1/14/2020,2:00,2717
1/14/2020,3:00,2726
1/14/2020,4:00,2790
1/14/2020,5:00,3035
1/14/2020,6:00,3468
1/14/2020,7:00,3800
1/14/2020,8:00,4057
1/14/2020,9:00,4124
1/14/2020,10:00,4004
1/14/2020,11:00,3940
1/14/2020,12:00,3742
1/14/2020,13:00,3814
1/14/2020,14:00,3771
1/14/2020,15:00,3770
1/14/2020,16:00,3944
1/14/2020,17:00,4131
1/14/2020,18:00,4112
1/14/2020,19:00,4007
1/14/2020,20:00,3888
1/14/2020,21:00,3718
1/14/2020,22:00,3522
1/14/2020,23:00,3269
1/15/2020,0:00,2975
1/15/2020,1:00,2830
1/15/2020,2:00,2793
1/15/2020,3:00,2792
1/15/2020,4:00,2849
1/15/2020,5:00,3023
1/15/2020,6:00,3422
1/15/2020,7:00,3810
1/15/2020,8:00,4224
1/15/2020,9:00,4414
1/15/2020,10:00,4335
1/15/2020,11:00,4256
1/15/2020,12:00,3985
1/15/2020,13:00,4020
1/15/2020,14:00,3943
1/15/2020,15:00,3943
1/15/2020,16:00,4094
1/15/2020,17:00,4278
1/15/2020,18:00,4274
1/15/2020,19:00,4187
1/15/2020,20:00,4071
1/15/2020,21:00,3913
1/15/2020,22:00,3714
1/15/2020,23:00,3468
1/16/2020,0:00,3179
1/16/2020,1:00,3015
1/16/2020,2:00,2960
1/16/2020,3:00,2939
1/16/2020,4:00,2973
1/16/2020,5:00,3179
1/16/2020,6:00,3658
1/16/2020,7:00,3990
1/16/2020,8:00,4228
1/16/2020,9:00,4280
1/16/2020,10:00,4167
1/16/2020,11:00,4113
1/16/2020,12:00,3947
1/16/2020,13:00,4022
1/16/2020,14:00,3980
1/16/2020,15:00,3966
1/16/2020,16:00,4126
1/16/2020,17:00,4332
1/16/2020,18:00,4330
1/16/2020,19:00,4241
1/16/2020,20:00,4130
1/16/2020,21:00,3956
1/16/2020,22:00,3746
1/16/2020,23:00,3486
1/17/2020,0:00,3199
1/17/2020,1:00,3034
1/17/2020,2:00,2961
1/17/2020,3:00,2940
1/17/2020,4:00,2973
1/17/2020,5:00,3175
1/17/2020,6:00,3654
1/17/2020,7:00,4032
1/17/2020,8:00,4405
1/17/2020,9:00,4559
1/17/2020,10:00,4384
1/17/2020,11:00,4171
1/17/2020,12:00,3848
1/17/2020,13:00,3977
1/17/2020,14:00,4009
1/17/2020,15:00,4032
1/17/2020,16:00,4177
1/17/2020,17:00,4286
1/17/2020,18:00,4243
1/17/2020,19:00,4127
1/17/2020,20:00,4001
1/17/2020,21:00,3829
1/17/2020,22:00,3653
1/17/2020,23:00,3432
1/18/2020,0:00,3150
1/18/2020,1:00,2987
1/18/2020,2:00,2916
1/18/2020,3:00,2890
1/18/2020,4:00,2891
1/18/2020,5:00,2963
1/18/2020,6:00,3201
1/18/2020,7:00,3574
1/18/2020,8:00,4069
1/18/2020,9:00,4373
1/18/2020,10:00,4448
1/18/2020,11:00,4443
1/18/2020,12:00,4352
1/18/2020,13:00,4329
1/18/2020,14:00,4275
1/18/2020,15:00,4240
1/18/2020,16:00,4346
1/18/2020,17:00,4418
1/18/2020,18:00,4377
1/18/2020,19:00,4267
1/18/2020,20:00,4139
1/18/2020,21:00,3941
1/18/2020,22:00,3688
1/18/2020,23:00,3449
1/19/2020,0:00,3170
1/19/2020,1:00,2993
1/19/2020,2:00,2902
1/19/2020,3:00,2852
1/19/2020,4:00,2838
1/19/2020,5:00,2906
1/19/2020,6:00,3102
1/19/2020,7:00,3350
1/19/2020,8:00,3515
1/19/2020,9:00,3490
1/19/2020,10:00,3364
1/19/2020,11:00,3256
1/19/2020,12:00,3171
1/19/2020,13:00,3110
1/19/2020,14:00,3081
1/19/2020,15:00,3165
1/19/2020,16:00,3390
1/19/2020,17:00,3744
1/19/2020,18:00,3855
1/19/2020,19:00,3835
1/19/2020,20:00,3759
1/19/2020,21:00,3606
1/19/2020,22:00,3375
1/19/2020,23:00,3165
1/20/2020,0:00,2932
1/20/2020,1:00,2816
1/20/2020,2:00,2788
1/20/2020,3:00,2788
1/20/2020,4:00,2857
1/20/2020,5:00,3110
1/20/2020,6:00,3631
1/20/2020,7:00,4005
1/20/2020,8:00,4228
1/20/2020,9:00,4240
1/20/2020,10:00,4067
1/20/2020,11:00,3915
1/20/2020,12:00,3659
1/20/2020,13:00,3727
1/20/2020,14:00,3707
1/20/2020,15:00,3712
1/20/2020,16:00,3852
1/20/2020,17:00,4110
1/20/2020,18:00,4149
1/20/2020,19:00,4061
1/20/2020,20:00,3951
1/20/2020,21:00,3808
1/20/2020,22:00,3621
1/20/2020,23:00,3388
1/21/2020,0:00,3120
1/21/2020,1:00,2975
1/21/2020,2:00,2931
1/21/2020,3:00,2915
1/21/2020,4:00,2961
1/21/2020,5:00,3161
1/21/2020,6:00,3611
1/21/2020,7:00,3914
1/21/2020,8:00,4116
1/21/2020,9:00,4157
1/21/2020,10:00,4029
1/21/2020,11:00,3927
1/21/2020,12:00,3699
1/21/2020,13:00,3798
1/21/2020,14:00,3800
1/21/2020,15:00,3857
1/21/2020,16:00,4061
1/21/2020,17:00,4325
1/21/2020,18:00,4362
1/21/2020,19:00,4288
1/21/2020,20:00,4186
1/21/2020,21:00,4024
1/21/2020,22:00,3814
1/21/2020,23:00,3570
1/22/2020,0:00,3278
1/22/2020,1:00,3116
1/22/2020,2:00,3049
1/22/2020,3:00,3026
1/22/2020,4:00,3063
1/22/2020,5:00,3279
1/22/2020,6:00,3782
1/22/2020,7:00,4179
1/22/2020,8:00,4567
1/22/2020,9:00,4735
1/22/2020,10:00,4616
1/22/2020,11:00,4508
1/22/2020,12:00,4247
1/22/2020,13:00,4297
1/22/2020,14:00,4242
1/22/2020,15:00,4217
1/22/2020,16:00,4353
1/22/2020,17:00,4518
1/22/2020,18:00,4493
1/22/2020,19:00,4385
1/22/2020,20:00,4262
1/22/2020,21:00,4065
1/22/2020,22:00,3828
1/22/2020,23:00,3545
1/23/2020,0:00,3229
1/23/2020,1:00,3057
1/23/2020,2:00,2982
1/23/2020,3:00,2956
1/23/2020,4:00,2992
1/23/2020,5:00,3197
1/23/2020,6:00,3668
1/23/2020,7:00,4079
1/23/2020,8:00,4477
1/23/2020,9:00,4727
1/23/2020,10:00,4667
1/23/2020,11:00,4556
1/23/2020,12:00,4327
1/23/2020,13:00,4412
1/23/2020,14:00,4404
1/23/2020,15:00,4404
1/23/2020,16:00,4506
1/23/2020,17:00,4548
1/23/2020,18:00,4470
1/23/2020,19:00,4324
1/23/2020,20:00,4159
1/23/2020,21:00,3942
1/23/2020,22:00,3710
1/23/2020,23:00,3418
1/24/2020,0:00,3107
1/24/2020,1:00,2949
1/24/2020,2:00,2886
1/24/2020,3:00,2861
1/24/2020,4:00,2905
1/24/2020,5:00,3091
1/24/2020,6:00,3505
1/24/2020,7:00,3828
1/24/2020,8:00,4122
1/24/2020,9:00,4222
1/24/2020,10:00,4071
1/24/2020,11:00,3977
1/24/2020,12:00,3755
1/24/2020,13:00,3796
1/24/2020,14:00,3743
1/24/2020,15:00,3736
1/24/2020,16:00,3843
1/24/2020,17:00,3999
1/24/2020,18:00,3978
1/24/2020,19:00,3877
1/24/2020,20:00,3780
1/24/2020,21:00,3646
1/24/2020,22:00,3521
1/24/2020,23:00,3317
1/25/2020,0:00,3070
1/25/2020,1:00,2927
1/25/2020,2:00,2868
1/25/2020,3:00,2836
1/25/2020,4:00,2840
1/25/2020,5:00,2921
1/25/2020,6:00,3130
1/25/2020,7:00,3378
1/25/2020,8:00,3671
1/25/2020,9:00,3804
1/25/2020,10:00,3752
1/25/2020,11:00,3666
1/25/2020,12:00,3487
1/25/2020,13:00,3509
1/25/2020,14:00,3466
1/25/2020,15:00,3425
1/25/2020,16:00,3568
1/25/2020,17:00,3827
1/25/2020,18:00,3865
1/25/2020,19:00,3808
1/25/2020,20:00,3732
1/25/2020,21:00,3576
1/25/2020,22:00,3381
1/25/2020,23:00,3182
1/26/2020,0:00,2940
1/26/2020,1:00,2793
1/26/2020,2:00,2735
1/26/2020,3:00,2704
1/26/2020,4:00,2703
1/26/2020,5:00,2769
1/26/2020,6:00,2936
1/26/2020,7:00,3223
1/26/2020,8:00,3606
1/26/2020,9:00,3806
1/26/2020,10:00,3809
1/26/2020,11:00,3730
1/26/2020,12:00,3650
1/26/2020,13:00,3504
1/26/2020,14:00,3442
1/26/2020,15:00,3488
1/26/2020,16:00,3589
1/26/2020,17:00,3890
1/26/2020,18:00,3997
1/26/2020,19:00,3980
1/26/2020,20:00,3927
1/26/2020,21:00,3778
1/26/2020,22:00,3533
1/26/2020,23:00,3307
1/27/2020,0:00,3039
1/27/2020,1:00,2892
1/27/2020,2:00,2835
1/27/2020,3:00,2804
1/27/2020,4:00,2844
1/27/2020,5:00,3079
1/27/2020,6:00,3597
1/27/2020,7:00,4078
1/27/2020,8:00,4529
1/27/2020,9:00,4764
1/27/2020,10:00,4698
1/27/2020,11:00,4633
1/27/2020,12:00,4412
1/27/2020,13:00,4562
1/27/2020,14:00,4516
1/27/2020,15:00,4512
1/27/2020,16:00,4645
1/27/2020,17:00,4705
1/27/2020,18:00,4635
1/27/2020,19:00,4507
1/27/2020,20:00,4371
1/27/2020,21:00,4206
1/27/2020,22:00,3996
1/27/2020,23:00,3730
1/28/2020,0:00,3436
1/28/2020,1:00,3262
1/28/2020,2:00,3189
1/28/2020,3:00,3155
1/28/2020,4:00,3187
1/28/2020,5:00,3413
1/28/2020,6:00,3903
1/28/2020,7:00,4348
1/28/2020,8:00,4826
1/28/2020,9:00,5042
1/28/2020,10:00,4981
1/28/2020,11:00,4889
1/28/2020,12:00,4649
1/28/2020,13:00,4696
1/28/2020,14:00,4645
1/28/2020,15:00,4611
1/28/2020,16:00,4696
1/28/2020,17:00,4715
1/28/2020,18:00,4623
1/28/2020,19:00,4463
1/28/2020,20:00,4304
1/28/2020,21:00,4080
1/28/2020,22:00,3832
1/28/2020,23:00,3527
1/29/2020,0:00,3190
1/29/2020,1:00,3014
1/29/2020,2:00,2941
1/29/2020,3:00,2910
1/29/2020,4:00,2930
1/29/2020,5:00,3078
1/29/2020,6:00,3464
1/29/2020,7:00,3761
1/29/2020,8:00,4053
1/29/2020,9:00,4085
1/29/2020,10:00,3878
1/29/2020,11:00,3717
1/29/2020,12:00,3508
1/29/2020,13:00,3559
1/29/2020,14:00,3524
1/29/2020,15:00,3506
1/29/2020,16:00,3578
1/29/2020,17:00,3756
1/29/2020,18:00,3767
1/29/2020,19:00,3692
1/29/2020,20:00,3590
1/29/2020,21:00,3454
1/29/2020,22:00,3294
1/29/2020,23:00,3093
1/30/2020,0:00,2847
1/30/2020,1:00,2729
1/30/2020,2:00,2696
1/30/2020,3:00,2694
1/30/2020,4:00,2738
1/30/2020,5:00,2906
1/30/2020,6:00,3283
1/30/2020,7:00,3519
1/30/2020,8:00,3683
1/30/2020,9:00,3748
1/30/2020,10:00,3663
1/30/2020,11:00,3575
1/30/2020,12:00,3387
1/30/2020,13:00,3467
1/30/2020,14:00,3442
1/30/2020,15:00,3435
1/30/2020,16:00,3535
1/30/2020,17:00,3738
1/30/2020,18:00,3777
1/30/2020,19:00,3705
1/30/2020,20:00,3609
1/30/2020,21:00,3478
1/30/2020,22:00,3328
1/30/2020,23:00,3125
1/31/2020,0:00,2877
1/31/2020,1:00,2763
1/31/2020,2:00,2733
1/31/2020,3:00,2738
1/31/2020,4:00,2785
1/31/2020,5:00,2967
1/31/2020,6:00,3368
1/31/2020,7:00,3639
1/31/2020,8:00,3867
1/31/2020,9:00,3955
1/31/2020,10:00,3926
1/31/2020,11:00,3873
1/31/2020,12:00,3664
1/31/2020,13:00,3694
1/31/2020,14:00,3653
1/31/2020,15:00,3681
1/31/2020,16:00,3850
1/31/2020,17:00,4100
1/31/2020,18:00,4151
1/31/2020,19:00,4071
1/31/2020,20:00,3976
1/31/2020,21:00,3825
1/31/2020,22:00,3663
1/31/2020,23:00,3455
2/1/2020,0:00,3201
2/1/2020,1:00,3047
2/1/2020,2:00,2972
2/1/2020,3:00,2923
2/1/2020,4:00,2902
2/1/2020,5:00,2982
2/1/2020,6:00,3220
2/1/2020,7:00,3427
2/1/2020,8:00,3560
2/1/2020,9:00,3548
2/1/2020,10:00,3444
2/1/2020,11:00,3352
2/1/2020,12:00,3225
2/1/2020,13:00,3178
2/1/2020,14:00,3129
2/1/2020,15:00,3164
2/1/2020,16:00,3314
2/1/2020,17:00,3641
2/1/2020,18:00,3766
2/1/2020,19:00,3753
2/1/2020,20:00,3697
2/1/2020,21:00,3566
2/1/2020,22:00,3399
2/1/2020,23:00,3221
2/2/2020,0:00,2996
2/2/2020,1:00,2857
2/2/2020,2:00,2803
2/2/2020,3:00,2765
2/2/2020,4:00,2750
2/2/2020,5:00,2804
2/2/2020,6:00,2967
2/2/2020,7:00,3128
2/2/2020,8:00,3235
2/2/2020,9:00,3239
2/2/2020,10:00,3154
2/2/2020,11:00,3069
2/2/2020,12:00,3008
2/2/2020,13:00,2941
2/2/2020,14:00,2887
2/2/2020,15:00,2930
2/2/2020,16:00,3097
2/2/2020,17:00,3495
2/2/2020,18:00,3658
2/2/2020,19:00,3669
2/2/2020,20:00,3615
2/2/2020,21:00,3460
2/2/2020,22:00,3228
2/2/2020,23:00,3022
2/3/2020,0:00,2790
2/3/2020,1:00,2678
2/3/2020,2:00,2651
2/3/2020,3:00,2645
2/3/2020,4:00,2706
2/3/2020,5:00,2920
2/3/2020,6:00,3378
2/3/2020,7:00,3740
2/3/2020,8:00,4009
2/3/2020,9:00,4056
2/3/2020,10:00,3907
2/3/2020,11:00,3792
2/3/2020,12:00,3556
2/3/2020,13:00,3656
2/3/2020,14:00,3648
2/3/2020,15:00,3653
2/3/2020,16:00,3745
2/3/2020,17:00,3928
2/3/2020,18:00,3948
2/3/2020,19:00,3861
2/3/2020,20:00,3766
2/3/2020,21:00,3624
2/3/2020,22:00,3446
2/3/2020,23:00,3213
2/4/2020,0:00,2955
2/4/2020,1:00,2834
2/4/2020,2:00,2806
2/4/2020,3:00,2808
2/4/2020,4:00,2848
2/4/2020,5:00,3046
2/4/2020,6:00,3489
2/4/2020,7:00,3748
2/4/2020,8:00,3950
2/4/2020,9:00,4025
2/4/2020,10:00,4000
2/4/2020,11:00,3919
2/4/2020,12:00,3716
2/4/2020,13:00,3768
2/4/2020,14:00,3746
2/4/2020,15:00,3769
2/4/2020,16:00,3915
2/4/2020,17:00,4131
2/4/2020,18:00,4165
2/4/2020,19:00,4065
2/4/2020,20:00,3950
2/4/2020,21:00,3778
2/4/2020,22:00,3595
2/4/2020,23:00,3359
2/5/2020,0:00,3090
2/5/2020,1:00,2958
2/5/2020,2:00,2909
2/5/2020,3:00,2897
2/5/2020,4:00,2955
2/5/2020,5:00,3175
2/5/2020,6:00,3645
2/5/2020,7:00,3907
2/5/2020,8:00,4043
2/5/2020,9:00,4029
2/5/2020,10:00,3882
2/5/2020,11:00,3785
2/5/2020,12:00,3555
2/5/2020,13:00,3625
2/5/2020,14:00,3599
2/5/2020,15:00,3591
2/5/2020,16:00,3745
2/5/2020,17:00,4028
2/5/2020,18:00,4151
2/5/2020,19:00,4130
2/5/2020,20:00,4072
2/5/2020,21:00,3952
2/5/2020,22:00,3769
2/5/2020,23:00,3547
2/6/2020,0:00,3261
2/6/2020,1:00,3117
2/6/2020,2:00,3056
2/6/2020,3:00,3035
2/6/2020,4:00,3075
2/6/2020,5:00,3302
2/6/2020,6:00,3808
2/6/2020,7:00,4141
2/6/2020,8:00,4359
2/6/2020,9:00,4439
2/6/2020,10:00,4356
2/6/2020,11:00,4260
2/6/2020,12:00,4009
2/6/2020,13:00,4093
2/6/2020,14:00,4086
2/6/2020,15:00,4175
2/6/2020,16:00,4427
2/6/2020,17:00,4754
2/6/2020,18:00,4852
2/6/2020,19:00,4772
2/6/2020,20:00,4674
2/6/2020,21:00,4502
2/6/2020,22:00,4259
2/6/2020,23:00,3981
2/7/2020,0:00,3646
2/7/2020,1:00,3444
2/7/2020,2:00,3357
2/7/2020,3:00,3310
2/7/2020,4:00,3341
2/7/2020,5:00,3596
2/7/2020,6:00,4148
2/7/2020,7:00,4513
2/7/2020,8:00,4709
2/7/2020,9:00,4756
2/7/2020,10:00,4607
2/7/2020,11:00,4458
2/7/2020,12:00,4174
2/7/2020,13:00,4209
2/7/2020,14:00,4138
2/7/2020,15:00,4119
2/7/2020,16:00,4263
2/7/2020,17:00,4522
2/7/2020,18:00,4569
2/7/2020,19:00,4464
2/7/2020,20:00,4346
2/7/2020,21:00,4176
2/7/2020,22:00,3992
2/7/2020,23:00,3771
2/8/2020,0:00,3468
2/8/2020,1:00,3283
2/8/2020,2:00,3170
2/8/2020,3:00,3104
2/8/2020,4:00,3086
2/8/2020,5:00,3178
2/8/2020,6:00,3461
2/8/2020,7:00,3772
2/8/2020,8:00,3937
2/8/2020,9:00,3868
2/8/2020,10:00,3717
2/8/2020,11:00,3563
2/8/2020,12:00,3408
2/8/2020,13:00,3347
2/8/2020,14:00,3290
2/8/2020,15:00,3303
2/8/2020,16:00,3441
2/8/2020,17:00,3778
2/8/2020,18:00,3901
2/8/2020,19:00,3895
2/8/2020,20:00,3847
2/8/2020,21:00,3708
2/8/2020,22:00,3530
2/8/2020,23:00,3356
2/9/2020,0:00,3126
2/9/2020,1:00,2995
2/9/2020,2:00,2933
2/9/2020,3:00,2891
2/9/2020,4:00,2885
2/9/2020,5:00,2950
2/9/2020,6:00,3165
2/9/2020,7:00,3390
2/9/2020,8:00,3499
2/9/2020,9:00,3525
2/9/2020,10:00,3459
2/9/2020,11:00,3360
2/9/2020,12:00,3274
2/9/2020,13:00,3216
2/9/2020,14:00,3175
2/9/2020,15:00,3228
2/9/2020,16:00,3447
2/9/2020,17:00,3911
2/9/2020,18:00,4127
2/9/2020,19:00,4141
2/9/2020,20:00,4104
2/9/2020,21:00,3953
2/9/2020,22:00,3699
2/9/2020,23:00,3463
2/10/2020,0:00,3198
2/10/2020,1:00,3049
2/10/2020,2:00,2983
2/10/2020,3:00,2955
2/10/2020,4:00,3000
2/10/2020,5:00,3250
2/10/2020,6:00,3784
2/10/2020,7:00,4212
2/10/2020,8:00,4576
2/10/2020,9:00,4630
2/10/2020,10:00,4397
2/10/2020,11:00,4190
2/10/2020,12:00,3910
2/10/2020,13:00,3948
2/10/2020,14:00,3891
2/10/2020,15:00,3897
2/10/2020,16:00,4034
2/10/2020,17:00,4284
2/10/2020,18:00,4357
2/10/2020,19:00,4286
2/10/2020,20:00,4185
2/10/2020,21:00,4029
2/10/2020,22:00,3828
2/10/2020,23:00,3598
2/11/2020,0:00,3309
2/11/2020,1:00,3132
2/11/2020,2:00,3051
2/11/2020,3:00,3001
2/11/2020,4:00,3000
2/11/2020,5:00,3104
2/11/2020,6:00,3379
2/11/2020,7:00,3630
2/11/2020,8:00,3818
2/11/2020,9:00,3851
2/11/2020,10:00,3741
2/11/2020,11:00,3628
2/11/2020,12:00,3461
2/11/2020,13:00,3453
2/11/2020,14:00,3405
2/11/2020,15:00,3417
2/11/2020,16:00,3578
2/11/2020,17:00,3936
2/11/2020,18:00,4110
2/11/2020,19:00,4091
2/11/2020,20:00,4043
2/11/2020,21:00,3899
2/11/2020,22:00,3665
2/11/2020,23:00,3441
2/12/2020,0:00,3177
2/12/2020,1:00,3041
2/12/2020,2:00,2987
2/12/2020,3:00,2964
2/12/2020,4:00,3012
2/12/2020,5:00,3244
2/12/2020,6:00,3749
2/12/2020,7:00,4075
2/12/2020,8:00,4259
2/12/2020,9:00,4303
2/12/2020,10:00,4172
2/12/2020,11:00,4011
2/12/2020,12:00,3760
2/12/2020,13:00,3816
2/12/2020,14:00,3692
2/12/2020,15:00,3661
2/12/2020,16:00,3794
2/12/2020,17:00,3999
2/12/2020,18:00,4058
2/12/2020,19:00,3977
2/12/2020,20:00,3864
2/12/2020,21:00,3694
2/12/2020,22:00,3486
2/12/2020,23:00,3222
2/13/2020,0:00,2942
2/13/2020,1:00,2804
2/13/2020,2:00,2752
2/13/2020,3:00,2734
2/13/2020,4:00,2771
2/13/2020,5:00,2928
2/13/2020,6:00,3290
2/13/2020,7:00,3637
2/13/2020,8:00,4017
2/13/2020,9:00,4122
2/13/2020,10:00,3992
2/13/2020,11:00,3804
2/13/2020,12:00,3518
2/13/2020,13:00,3571
2/13/2020,14:00,3496
2/13/2020,15:00,3459
2/13/2020,16:00,3482
2/13/2020,17:00,3643
2/13/2020,18:00,3696
2/13/2020,19:00,3609
2/13/2020,20:00,3517
2/13/2020,21:00,3375
2/13/2020,22:00,3223
2/13/2020,23:00,3034
2/14/2020,0:00,2802
2/14/2020,1:00,2695
2/14/2020,2:00,2674
2/14/2020,3:00,2672
2/14/2020,4:00,2708
2/14/2020,5:00,2866
2/14/2020,6:00,3190
2/14/2020,7:00,3393
2/14/2020,8:00,3683
2/14/2020,9:00,3831
2/14/2020,10:00,3757
2/14/2020,11:00,3752
2/14/2020,12:00,3573
2/14/2020,13:00,3628
2/14/2020,14:00,3617
2/14/2020,15:00,3605
2/14/2020,16:00,3686
2/14/2020,17:00,3753
2/14/2020,18:00,3733
2/14/2020,19:00,3626
2/14/2020,20:00,3508
2/14/2020,21:00,3364
2/14/2020,22:00,3230
2/14/2020,23:00,3047
2/15/2020,0:00,2820
2/15/2020,1:00,2707
2/15/2020,2:00,2673
2/15/2020,3:00,2654
2/15/2020,4:00,2673
2/15/2020,5:00,2732
2/15/2020,6:00,2873
2/15/2020,7:00,3019
2/15/2020,8:00,3240
2/15/2020,9:00,3373
2/15/2020,10:00,3341
2/15/2020,11:00,3327
2/15/2020,12:00,3226
2/15/2020,13:00,3165
2/15/2020,14:00,3105
2/15/2020,15:00,3048
2/15/2020,16:00,3129
2/15/2020,17:00,3347
2/15/2020,18:00,3432
2/15/2020,19:00,3390
2/15/2020,20:00,3304
2/15/2020,21:00,3158
2/15/2020,22:00,2999
2/15/2020,23:00,2845
2/16/2020,0:00,2643
2/16/2020,1:00,2542
2/16/2020,2:00,2517
2/16/2020,3:00,2502
2/16/2020,4:00,2498
2/16/2020,5:00,2539
2/16/2020,6:00,2624
2/16/2020,7:00,2819
2/16/2020,8:00,3119
2/16/2020,9:00,3339
2/16/2020,10:00,3421
2/16/2020,11:00,3427
2/16/2020,12:00,3353
2/16/2020,13:00,3285
2/16/2020,14:00,3219
2/16/2020,15:00,3242
2/16/2020,16:00,3347
2/16/2020,17:00,3549
2/16/2020,18:00,3609
2/16/2020,19:00,3548
2/16/2020,20:00,3454
2/16/2020,21:00,3284
2/16/2020,22:00,3066
2/16/2020,23:00,2853
2/17/2020,0:00,2637
2/17/2020,1:00,2533
2/17/2020,2:00,2509
2/17/2020,3:00,2510
2/17/2020,4:00,2547
2/17/2020,5:00,2695
2/17/2020,6:00,3026
2/17/2020,7:00,3348
2/17/2020,8:00,3663
2/17/2020,9:00,3823
2/17/2020,10:00,3763
2/17/2020,11:00,3678
2/17/2020,12:00,3465
2/17/2020,13:00,3554
2/17/2020,14:00,3539
2/17/2020,15:00,3532
2/17/2020,16:00,3640
2/17/2020,17:00,3842
2/17/2020,18:00,3919
2/17/2020,19:00,3815
2/17/2020,20:00,3694
2/17/2020,21:00,3543
2/17/2020,22:00,3377
2/17/2020,23:00,3170
2/18/2020,0:00,2930
2/18/2020,1:00,2804
2/18/2020,2:00,2779
2/18/2020,3:00,2782
2/18/2020,4:00,2827
2/18/2020,5:00,3030
2/18/2020,6:00,3446
2/18/2020,7:00,3657
2/18/2020,8:00,3796
2/18/2020,9:00,3876
2/18/2020,10:00,3827
2/18/2020,11:00,3775
2/18/2020,12:00,3534
2/18/2020,13:00,3632
2/18/2020,14:00,3591
2/18/2020,15:00,3577
2/18/2020,16:00,3718
2/18/2020,17:00,3969
2/18/2020,18:00,4096
2/18/2020,19:00,4037
2/18/2020,20:00,3946
2/18/2020,21:00,3800
2/18/2020,22:00,3600
2/18/2020,23:00,3379
2/19/2020,0:00,3108
2/19/2020,1:00,2958
2/19/2020,2:00,2909
2/19/2020,3:00,2889
2/19/2020,4:00,2925
2/19/2020,5:00,3123
2/19/2020,6:00,3560
2/19/2020,7:00,3791
2/19/2020,8:00,3940
2/19/2020,9:00,4008
2/19/2020,10:00,3912
2/19/2020,11:00,3823
2/19/2020,12:00,3568
2/19/2020,13:00,3653
2/19/2020,14:00,3603
2/19/2020,15:00,3578
2/19/2020,16:00,3659
2/19/2020,17:00,3885
2/19/2020,18:00,4010
2/19/2020,19:00,3966
2/19/2020,20:00,3857
2/19/2020,21:00,3719
2/19/2020,22:00,3522
2/19/2020,23:00,3294
2/20/2020,0:00,3018
2/20/2020,1:00,2880
2/20/2020,2:00,2836
2/20/2020,3:00,2826
2/20/2020,4:00,2867
2/20/2020,5:00,3060
2/20/2020,6:00,3466
2/20/2020,7:00,3733
2/20/2020,8:00,3945
2/20/2020,9:00,4016
2/20/2020,10:00,3907
2/20/2020,11:00,3882
2/20/2020,12:00,3728
2/20/2020,13:00,3772
2/20/2020,14:00,3734
2/20/2020,15:00,3689
2/20/2020,16:00,3795
2/20/2020,17:00,3974
2/20/2020,18:00,4008
2/20/2020,19:00,3911
2/20/2020,20:00,3791
2/20/2020,21:00,3620
2/20/2020,22:00,3409
2/20/2020,23:00,3178
2/21/2020,0:00,2916
2/21/2020,1:00,2778
2/21/2020,2:00,2742
2/21/2020,3:00,2747
2/21/2020,4:00,2800
2/21/2020,5:00,2986
2/21/2020,6:00,3353
2/21/2020,7:00,3566
2/21/2020,8:00,3738
2/21/2020,9:00,3800
2/21/2020,10:00,3735
2/21/2020,11:00,3649
2/21/2020,12:00,3427
2/21/2020,13:00,3506
2/21/2020,14:00,3483
2/21/2020,15:00,3469
2/21/2020,16:00,3550
2/21/2020,17:00,3714
2/21/2020,18:00,3807
2/21/2020,19:00,3721
2/21/2020,20:00,3612
2/21/2020,21:00,3466
2/21/2020,22:00,3309
2/21/2020,23:00,3114
2/22/2020,0:00,2876
2/22/2020,1:00,2742
2/22/2020,2:00,2684
2/22/2020,3:00,2667
2/22/2020,4:00,2670
2/22/2020,5:00,2718
2/22/2020,6:00,2849
2/22/2020,7:00,3007
2/22/2020,8:00,3217
2/22/2020,9:00,3379
2/22/2020,10:00,3353
2/22/2020,11:00,3197
2/22/2020,12:00,3143
2/22/2020,13:00,3020
2/22/2020,14:00,3039
2/22/2020,15:00,3031
2/22/2020,16:00,3135
2/22/2020,17:00,3308
2/22/2020,18:00,3378
2/22/2020,19:00,3328
2/22/2020,20:00,3226
2/22/2020,21:00,3082
2/22/2020,22:00,2925
2/22/2020,23:00,2773
2/23/2020,0:00,2586
2/23/2020,1:00,2487
2/23/2020,2:00,2477
2/23/2020,3:00,2481
2/23/2020,4:00,2503
2/23/2020,5:00,2544
2/23/2020,6:00,2632
2/23/2020,7:00,2707
2/23/2020,8:00,2791
2/23/2020,9:00,2846
2/23/2020,10:00,2863
2/23/2020,11:00,2819
2/23/2020,12:00,2749
2/23/2020,13:00,2724
2/23/2020,14:00,2701
2/23/2020,15:00,2720
2/23/2020,16:00,2842
2/23/2020,17:00,3176
2/23/2020,18:00,3409
2/23/2020,19:00,3420
2/23/2020,20:00,3383
2/23/2020,21:00,3269
2/23/2020,22:00,3105
2/23/2020,23:00,2937
2/24/2020,0:00,2726
2/24/2020,1:00,2625
2/24/2020,2:00,2603
2/24/2020,3:00,2606
2/24/2020,4:00,2621
2/24/2020,5:00,2718
2/24/2020,6:00,2909
2/24/2020,7:00,3073
2/24/2020,8:00,3229
2/24/2020,9:00,3295
2/24/2020,10:00,3240
2/24/2020,11:00,3162
2/24/2020,12:00,3042
2/24/2020,13:00,3038
2/24/2020,14:00,2996
2/24/2020,15:00,2990
2/24/2020,16:00,3077
2/24/2020,17:00,3351
2/24/2020,18:00,3542
2/24/2020,19:00,3511
2/24/2020,20:00,3444
2/24/2020,21:00,3304
2/24/2020,22:00,3120
2/24/2020,23:00,2935
2/25/2020,0:00,2730
2/25/2020,1:00,2634
2/25/2020,2:00,2624
2/25/2020,3:00,2634
2/25/2020,4:00,2697
2/25/2020,5:00,2883
2/25/2020,6:00,3244
2/25/2020,7:00,3460
2/25/2020,8:00,3689
2/25/2020,9:00,3819
2/25/2020,10:00,3878
2/25/2020,11:00,3807
2/25/2020,12:00,3594
2/25/2020,13:00,3803
2/25/2020,14:00,3762
2/25/2020,15:00,3708
2/25/2020,16:00,3790
2/25/2020,17:00,3899
2/25/2020,18:00,3913
2/25/2020,19:00,3804
2/25/2020,20:00,3680
2/25/2020,21:00,3527
2/25/2020,22:00,3336
2/25/2020,23:00,3107
2/26/2020,0:00,2831
2/26/2020,1:00,2703
2/26/2020,2:00,2672
2/26/2020,3:00,2669
2/26/2020,4:00,2712
2/26/2020,5:00,2872
2/26/2020,6:00,3230
2/26/2020,7:00,3613
2/26/2020,8:00,4010
2/26/2020,9:00,4205
2/26/2020,10:00,4166
2/26/2020,11:00,4118
2/26/2020,12:00,3904
2/26/2020,13:00,3973
2/26/2020,14:00,3971
2/26/2020,15:00,3974
2/26/2020,16:00,4033
2/26/2020,17:00,4117
2/26/2020,18:00,4119
2/26/2020,19:00,4007
2/26/2020,20:00,3872
2/26/2020,21:00,3701
2/26/2020,22:00,3487
2/26/2020,23:00,3236
2/27/2020,0:00,2965
2/27/2020,1:00,2834
2/27/2020,2:00,2798
2/27/2020,3:00,2803
2/27/2020,4:00,2855
2/27/2020,5:00,3051
2/27/2020,6:00,3433
2/27/2020,7:00,3643
2/27/2020,8:00,3791
2/27/2020,9:00,3894
2/27/2020,10:00,3893
2/27/2020,11:00,3842
2/27/2020,12:00,3619
2/27/2020,13:00,3724
2/27/2020,14:00,3678
2/27/2020,15:00,3675
2/27/2020,16:00,3810
2/27/2020,17:00,4056
2/27/2020,18:00,4246
2/27/2020,19:00,4197
2/27/2020,20:00,4098
2/27/2020,21:00,3956
2/27/2020,22:00,3755
2/27/2020,23:00,3534
2/28/2020,0:00,3245
2/28/2020,1:00,3075
2/28/2020,2:00,3011
2/28/2020,3:00,2979
2/28/2020,4:00,3015
2/28/2020,5:00,3222
2/28/2020,6:00,3657
2/28/2020,7:00,3874
2/28/2020,8:00,3983
2/28/2020,9:00,4038
2/28/2020,10:00,3980
2/28/2020,11:00,3860
2/28/2020,12:00,3614
2/28/2020,13:00,3720
2/28/2020,14:00,3767
2/28/2020,15:00,3776
2/28/2020,16:00,3798
2/28/2020,17:00,3991
2/28/2020,18:00,4052
2/28/2020,19:00,3943
2/28/2020,20:00,3847
2/28/2020,21:00,3688
2/28/2020,22:00,3502
2/28/2020,23:00,3278
2/29/2020,0:00,3009
2/29/2020,1:00,2864
2/29/2020,2:00,2805
2/29/2020,3:00,2776
2/29/2020,4:00,2770
2/29/2020,5:00,2821
2/29/2020,6:00,2986
2/29/2020,7:00,3220
2/29/2020,8:00,3473
2/29/2020,9:00,3496
2/29/2020,10:00,3414
2/29/2020,11:00,3316
2/29/2020,12:00,3172
2/29/2020,13:00,3189
2/29/2020,14:00,3151
2/29/2020,15:00,3162
2/29/2020,16:00,3214
2/29/2020,17:00,3463
2/29/2020,18:00,3573
2/29/2020,19:00,3521
2/29/2020,20:00,3427
2/29/2020,21:00,3263
2/29/2020,22:00,3079
2/29/2020,23:00,2896
3/1/2020,0:00,2685
3/1/2020,1:00,2568
3/1/2020,2:00,2541
3/1/2020,3:00,2529
3/1/2020,4:00,2531
3/1/2020,5:00,2567
3/1/2020,6:00,2631
3/1/2020,7:00,2709
3/1/2020,8:00,2819
3/1/2020,9:00,2868
3/1/2020,10:00,2869
3/1/2020,11:00,2858
3/1/2020,12:00,2801
3/1/2020,13:00,2729
3/1/2020,14:00,2700
3/1/2020,15:00,2723
3/1/2020,16:00,2779
3/1/2020,17:00,3077
3/1/2020,18:00,3278
3/1/2020,19:00,3257
3/1/2020,20:00,3190
3/1/2020,21:00,3069
3/1/2020,22:00,2884
3/1/2020,23:00,2709
3/2/2020,0:00,2517
3/2/2020,1:00,2439
3/2/2020,2:00,2435
3/2/2020,3:00,2451
3/2/2020,4:00,2505
3/2/2020,5:00,2669
3/2/2020,6:00,3020
3/2/2020,7:00,3456
3/2/2020,8:00,3907
3/2/2020,9:00,4138
3/2/2020,10:00,4162
3/2/2020,11:00,4134
3/2/2020,12:00,3964
3/2/2020,13:00,4079
3/2/2020,14:00,4038
3/2/2020,15:00,4035
3/2/2020,16:00,4067
3/2/2020,17:00,4132
3/2/2020,18:00,4130
3/2/2020,19:00,3997
3/2/2020,20:00,3832
3/2/2020,21:00,3665
3/2/2020,22:00,3455
3/2/2020,23:00,3198
3/3/2020,0:00,2912
3/3/2020,1:00,2778
3/3/2020,2:00,2755
3/3/2020,3:00,2757
3/3/2020,4:00,2803
3/3/2020,5:00,2972
3/3/2020,6:00,3261
3/3/2020,7:00,3440
3/3/2020,8:00,3627
3/3/2020,9:00,3755
3/3/2020,10:00,3679
3/3/2020,11:00,3592
3/3/2020,12:00,3375
3/3/2020,13:00,3437
3/3/2020,14:00,3393
3/3/2020,15:00,3374
3/3/2020,16:00,3432
3/3/2020,17:00,3566
3/3/2020,18:00,3699
3/3/2020,19:00,3625
3/3/2020,20:00,3512
3/3/2020,21:00,3378
3/3/2020,22:00,3225
3/3/2020,23:00,3013
3/4/2020,0:00,2769
3/4/2020,1:00,2654
3/4/2020,2:00,2625
3/4/2020,3:00,2633
3/4/2020,4:00,2667
3/4/2020,5:00,2799
3/4/2020,6:00,3071
3/4/2020,7:00,3408
3/4/2020,8:00,3844
3/4/2020,9:00,4095
3/4/2020,10:00,4124
3/4/2020,11:00,4101
3/4/2020,12:00,3917
3/4/2020,13:00,4009
3/4/2020,14:00,3966
3/4/2020,15:00,3925
3/4/2020,16:00,3976
3/4/2020,17:00,4027
3/4/2020,18:00,4026
3/4/2020,19:00,3892
3/4/2020,20:00,3737
3/4/2020,21:00,3571
3/4/2020,22:00,3373
3/4/2020,23:00,3125
3/5/2020,0:00,2847
3/5/2020,1:00,2717
3/5/2020,2:00,2688
3/5/2020,3:00,2692
3/5/2020,4:00,2727
3/5/2020,5:00,2869
3/5/2020,6:00,3148
3/5/2020,7:00,3451
3/5/2020,8:00,3783
3/5/2020,9:00,3851
3/5/2020,10:00,3826
3/5/2020,11:00,3739
3/5/2020,12:00,3526
3/5/2020,13:00,3669
3/5/2020,14:00,3610
3/5/2020,15:00,3578
3/5/2020,16:00,3664
3/5/2020,17:00,3851
3/5/2020,18:00,4027
3/5/2020,19:00,3956
3/5/2020,20:00,3840
3/5/2020,21:00,3697
3/5/2020,22:00,3506
3/5/2020,23:00,3287
3/6/2020,0:00,3028
3/6/2020,1:00,2890
3/6/2020,2:00,2850
3/6/2020,3:00,2834
3/6/2020,4:00,2869
3/6/2020,5:00,3040
3/6/2020,6:00,3346
3/6/2020,7:00,3524
3/6/2020,8:00,3714
3/6/2020,9:00,3819
3/6/2020,10:00,3773
3/6/2020,11:00,3713
3/6/2020,12:00,3490
3/6/2020,13:00,3525
3/6/2020,14:00,3454
3/6/2020,15:00,3425
3/6/2020,16:00,3492
3/6/2020,17:00,3635
3/6/2020,18:00,3804
3/6/2020,19:00,3755
3/6/2020,20:00,3652
3/6/2020,21:00,3520
3/6/2020,22:00,3373
3/6/2020,23:00,3182
3/7/2020,0:00,2940
3/7/2020,1:00,2806
3/7/2020,2:00,2759
3/7/2020,3:00,2736
3/7/2020,4:00,2725
3/7/2020,5:00,2772
3/7/2020,6:00,2911
3/7/2020,7:00,3138
3/7/2020,8:00,3436
3/7/2020,9:00,3570
3/7/2020,10:00,3541
3/7/2020,11:00,3501
3/7/2020,12:00,3381
3/7/2020,13:00,3314
3/7/2020,14:00,3265
3/7/2020,15:00,3260
3/7/2020,16:00,3368
3/7/2020,17:00,3594
3/7/2020,18:00,3696
3/7/2020,19:00,3629
3/7/2020,20:00,3526
3/7/2020,21:00,3367
3/7/2020,22:00,3177
3/7/2020,23:00,2993
3/8/2020,0:00,2765
3/8/2020,1:00,2630
3/8/2020,2:00,2589
3/8/2020,3:00,2567
3/8/2020,4:00,2561
3/8/2020,5:00,2586
3/8/2020,6:00,2690
3/8/2020,7:00,2916
3/8/2020,8:00,3241
3/8/2020,9:00,3462
3/8/2020,10:00,3517
3/8/2020,11:00,3513
3/8/2020,12:00,3443
3/8/2020,13:00,3386
3/8/2020,14:00,3334
3/8/2020,15:00,3320
3/8/2020,16:00,3397
3/8/2020,17:00,3602
3/8/2020,18:00,3717
3/8/2020,19:00,3643
3/8/2020,20:00,3531
3/8/2020,21:00,3369
3/8/2020,22:00,3151
3/8/2020,23:00,2934
3/9/2020,0:00,2695
3/9/2020,1:00,2570
3/9/2020,2:00,2537
3/9/2020,3:00,2539
3/9/2020,4:00,2589
3/9/2020,5:00,2750
3/9/2020,6:00,3043
3/9/2020,7:00,3369
3/9/2020,8:00,3731
3/9/2020,9:00,3838
3/9/2020,10:00,3751
3/9/2020,11:00,3647
3/9/2020,12:00,3389
3/9/2020,13:00,3470
3/9/2020,14:00,3381
3/9/2020,15:00,3338
3/9/2020,16:00,3378
3/9/2020,17:00,3455
3/9/2020,18:00,3548
3/9/2020,19:00,3443
3/9/2020,20:00,3316
3/9/2020,21:00,3186
3/9/2020,22:00,3036
3/9/2020,23:00,2856
3/10/2020,0:00,2627
3/10/2020,1:00,2518
3/10/2020,2:00,2499
3/10/2020,3:00,2507
3/10/2020,4:00,2528
3/10/2020,5:00,2609
3/10/2020,6:00,2823
3/10/2020,7:00,3132
3/10/2020,8:00,3483
3/10/2020,9:00,3706
3/10/2020,10:00,3717
3/10/2020,11:00,3728
3/10/2020,12:00,3538
3/10/2020,13:00,3664
3/10/2020,14:00,3639
3/10/2020,15:00,3599
3/10/2020,16:00,3647
3/10/2020,17:00,3680
3/10/2020,18:00,3657
3/10/2020,19:00,3503
3/10/2020,20:00,3337
3/10/2020,21:00,3174
3/10/2020,22:00,3004
3/10/2020,23:00,2811
3/11/2020,0:00,2600
3/11/2020,1:00,2492
3/11/2020,2:00,2477
3/11/2020,3:00,2489
3/11/2020,4:00,2509
3/11/2020,5:00,2581
3/11/2020,6:00,2715
3/11/2020,7:00,2843
3/11/2020,8:00,3056
3/11/2020,9:00,3207
3/11/2020,10:00,3253
3/11/2020,11:00,3267
3/11/2020,12:00,3115
3/11/2020,13:00,3190
3/11/2020,14:00,3171
3/11/2020,15:00,3151
3/11/2020,16:00,3191
3/11/2020,17:00,3260
3/11/2020,18:00,3370
3/11/2020,19:00,3292
3/11/2020,20:00,3193
3/11/2020,21:00,3086
3/11/2020,22:00,2972
3/11/2020,23:00,2818
3/12/2020,0:00,2624
3/12/2020,1:00,2534
3/12/2020,2:00,2532
3/12/2020,3:00,2555
3/12/2020,4:00,2605
3/12/2020,5:00,2742
3/12/2020,6:00,2952
3/12/2020,7:00,3075
3/12/2020,8:00,3293
3/12/2020,9:00,3448
3/12/2020,10:00,3461
3/12/2020,11:00,3456
3/12/2020,12:00,3262
3/12/2020,13:00,3333
3/12/2020,14:00,3277
3/12/2020,15:00,3245
3/12/2020,16:00,3324
3/12/2020,17:00,3445
3/12/2020,18:00,3586
3/12/2020,19:00,3502
3/12/2020,20:00,3382
3/12/2020,21:00,3238
3/12/2020,22:00,3092
3/12/2020,23:00,2899
3/13/2020,0:00,2684
3/13/2020,1:00,2578
3/13/2020,2:00,2567
3/13/2020,3:00,2576
3/13/2020,4:00,2625
3/13/2020,5:00,2760
3/13/2020,6:00,2937
3/13/2020,7:00,3091
3/13/2020,8:00,3357
3/13/2020,9:00,3529
3/13/2020,10:00,3501
3/13/2020,11:00,3441
3/13/2020,12:00,3265
3/13/2020,13:00,3335
3/13/2020,14:00,3286
3/13/2020,15:00,3312
3/13/2020,16:00,3297
3/13/2020,17:00,3379
3/13/2020,18:00,3466
3/13/2020,19:00,3383
3/13/2020,20:00,3257
3/13/2020,21:00,3139
3/13/2020,22:00,3032
3/13/2020,23:00,2878
3/14/2020,0:00,2670
3/14/2020,1:00,2559
3/14/2020,2:00,2547
3/14/2020,3:00,2545
3/14/2020,4:00,2551
3/14/2020,5:00,2589
3/14/2020,6:00,2688
3/14/2020,7:00,2927
3/14/2020,8:00,3321
3/14/2020,9:00,3589
3/14/2020,10:00,3684
3/14/2020,11:00,3759
3/14/2020,12:00,3760
3/14/2020,13:00,3811
3/14/2020,14:00,3825
3/14/2020,15:00,3847
3/14/2020,16:00,3934
3/14/2020,17:00,4048
3/14/2020,18:00,4103
3/14/2020,19:00,3985
3/14/2020,20:00,3823
3/14/2020,21:00,3629
3/14/2020,22:00,3408
3/14/2020,23:00,3206
3/15/2020,0:00,2960
3/15/2020,1:00,2824
3/15/2020,2:00,2762
3/15/2020,3:00,2732
3/15/2020,4:00,2719
3/15/2020,5:00,2760
3/15/2020,6:00,2828
3/15/2020,7:00,2901
3/15/2020,8:00,3021
3/15/2020,9:00,3112
3/15/2020,10:00,3121
3/15/2020,11:00,3084
3/15/2020,12:00,3014
3/15/2020,13:00,2915
3/15/2020,14:00,2820
3/15/2020,15:00,2834
3/15/2020,16:00,2964
3/15/2020,17:00,3275
3/15/2020,18:00,3543
3/15/2020,19:00,3541
3/15/2020,20:00,3462
3/15/2020,21:00,3316
3/15/2020,22:00,3112
3/15/2020,23:00,2913
3/16/2020,0:00,2691
3/16/2020,1:00,2585
3/16/2020,2:00,2573
3/16/2020,3:00,2577
3/16/2020,4:00,2626
3/16/2020,5:00,2809
3/16/2020,6:00,3133
3/16/2020,7:00,3408
3/16/2020,8:00,3682
3/16/2020,9:00,3781
3/16/2020,10:00,3798
3/16/2020,11:00,3802
3/16/2020,12:00,3594
3/16/2020,13:00,3669
3/16/2020,14:00,3614
3/16/2020,15:00,3626
3/16/2020,16:00,3721
3/16/2020,17:00,3914
3/16/2020,18:00,4161
3/16/2020,19:00,4118
3/16/2020,20:00,4011
3/16/2020,21:00,3865
3/16/2020,22:00,3661
3/16/2020,23:00,3416
3/17/2020,0:00,3132
3/17/2020,1:00,2975
3/17/2020,2:00,2920
3/17/2020,3:00,2904
3/17/2020,4:00,2924
3/17/2020,5:00,3109
3/17/2020,6:00,3429
3/17/2020,7:00,3634
3/17/2020,8:00,3874
3/17/2020,9:00,4016
3/17/2020,10:00,3971
3/17/2020,11:00,3883
3/17/2020,12:00,3640
3/17/2020,13:00,3702
3/17/2020,14:00,3599
3/17/2020,15:00,3549
3/17/2020,16:00,3625
3/17/2020,17:00,3751
3/17/2020,18:00,3953
3/17/2020,19:00,3881
3/17/2020,20:00,3766
3/17/2020,21:00,3623
3/17/2020,22:00,3428
3/17/2020,23:00,3188
3/18/2020,0:00,2924
3/18/2020,1:00,2790
3/18/2020,2:00,2751
3/18/2020,3:00,2749
3/18/2020,4:00,2778
3/18/2020,5:00,2919
3/18/2020,6:00,3172
3/18/2020,7:00,3300
3/18/2020,8:00,3464
3/18/2020,9:00,3543
3/18/2020,10:00,3503
3/18/2020,11:00,3469
3/18/2020,12:00,3283
3/18/2020,13:00,3332
3/18/2020,14:00,3275
3/18/2020,15:00,3242
3/18/2020,16:00,3309
3/18/2020,17:00,3391
3/18/2020,18:00,3541
3/18/2020,19:00,3474
3/18/2020,20:00,3374
3/18/2020,21:00,3271
3/18/2020,22:00,3143
3/18/2020,23:00,2946
3/19/2020,0:00,2708
3/19/2020,1:00,2597
3/19/2020,2:00,2583
3/19/2020,3:00,2601
3/19/2020,4:00,2642
3/19/2020,5:00,2782
3/19/2020,6:00,2987
3/19/2020,7:00,3170
3/19/2020,8:00,3361
3/19/2020,9:00,3449
3/19/2020,10:00,3415
3/19/2020,11:00,3374
3/19/2020,12:00,3192
3/19/2020,13:00,3254
3/19/2020,14:00,3214
3/19/2020,15:00,3202
3/19/2020,16:00,3242
3/19/2020,17:00,3287
3/19/2020,18:00,3397
3/19/2020,19:00,3305
3/19/2020,20:00,3182
3/19/2020,21:00,3051
3/19/2020,22:00,2936
3/19/2020,23:00,2780
3/20/2020,0:00,2578
3/20/2020,1:00,2481
3/20/2020,2:00,2464
3/20/2020,3:00,2463
3/20/2020,4:00,2451
3/20/2020,5:00,2451
3/20/2020,6:00,2489
3/20/2020,7:00,2638
3/20/2020,8:00,2812
3/20/2020,9:00,2845
3/20/2020,10:00,2898
3/20/2020,11:00,2928
3/20/2020,12:00,2858
3/20/2020,13:00,2832
3/20/2020,14:00,2771
3/20/2020,15:00,2752
3/20/2020,16:00,2827
3/20/2020,17:00,2984
3/20/2020,18:00,3213
3/20/2020,19:00,3194
3/20/2020,20:00,3125
3/20/2020,21:00,3011
3/20/2020,22:00,2884
3/20/2020,23:00,2748
3/21/2020,0:00,2556
3/21/2020,1:00,2470
3/21/2020,2:00,2462
3/21/2020,3:00,2470
3/21/2020,4:00,2487
3/21/2020,5:00,2521
3/21/2020,6:00,2564
3/21/2020,7:00,2626
3/21/2020,8:00,2767
3/21/2020,9:00,2831
3/21/2020,10:00,2836
3/21/2020,11:00,2827
3/21/2020,12:00,2771
3/21/2020,13:00,2733
3/21/2020,14:00,2653
3/21/2020,15:00,2636
3/21/2020,16:00,2693
3/21/2020,17:00,2837
3/21/2020,18:00,3036
3/21/2020,19:00,3009
3/21/2020,20:00,2920
3/21/2020,21:00,2799
3/21/2020,22:00,2666
3/21/2020,23:00,2538
3/22/2020,0:00,2373
3/22/2020,1:00,2288
3/22/2020,2:00,2287
3/22/2020,3:00,2296
3/22/2020,4:00,2301
3/22/2020,5:00,2311
3/22/2020,6:00,2300
3/22/2020,7:00,2381
3/22/2020,8:00,2499
3/22/2020,9:00,2564
3/22/2020,10:00,2594
3/22/2020,11:00,2614
3/22/2020,12:00,2596
3/22/2020,13:00,2597
3/22/2020,14:00,2562
3/22/2020,15:00,2497
3/22/2020,16:00,2525
3/22/2020,17:00,2717
3/22/2020,18:00,2942
3/22/2020,19:00,2913
3/22/2020,20:00,2826
3/22/2020,21:00,2699
3/22/2020,22:00,2564
3/22/2020,23:00,2444
3/23/2020,0:00,2286
3/23/2020,1:00,2222
3/23/2020,2:00,2236
3/23/2020,3:00,2271
3/23/2020,4:00,2319
3/23/2020,5:00,2427
3/23/2020,6:00,2637
3/23/2020,7:00,2939
3/23/2020,8:00,3311
3/23/2020,9:00,3510
3/23/2020,10:00,3534
3/23/2020,11:00,3538
3/23/2020,12:00,3395
3/23/2020,13:00,3475
3/23/2020,14:00,3415
3/23/2020,15:00,3394
3/23/2020,16:00,3430
3/23/2020,17:00,3529
3/23/2020,18:00,3689
3/23/2020,19:00,3607
3/23/2020,20:00,3484
3/23/2020,21:00,3357
3/23/2020,22:00,3175
3/23/2020,23:00,2962
3/24/2020,0:00,2705
3/24/2020,1:00,2595
3/24/2020,2:00,2583
3/24/2020,3:00,2602
3/24/2020,4:00,2657
3/24/2020,5:00,2811
3/24/2020,6:00,3042
3/24/2020,7:00,3155
3/24/2020,8:00,3408
3/24/2020,9:00,3614
3/24/2020,10:00,3587
3/24/2020,11:00,3600
3/24/2020,12:00,3447
3/24/2020,13:00,3495
3/24/2020,14:00,3444
3/24/2020,15:00,3392
3/24/2020,16:00,3480
3/24/2020,17:00,3625
3/24/2020,18:00,3854
3/24/2020,19:00,3811
3/24/2020,20:00,3708
3/24/2020,21:00,3581
3/24/2020,22:00,3398
3/24/2020,23:00,3178
3/25/2020,0:00,2915
3/25/2020,1:00,2791
3/25/2020,2:00,2758
3/25/2020,3:00,2751
3/25/2020,4:00,2784
3/25/2020,5:00,2939
3/25/2020,6:00,3173
3/25/2020,7:00,3301
3/25/2020,8:00,3486
3/25/2020,9:00,3611
3/25/2020,10:00,3577
3/25/2020,11:00,3536
3/25/2020,12:00,3337
3/25/2020,13:00,3368
3/25/2020,14:00,3301
3/25/2020,15:00,3260
3/25/2020,16:00,3325
3/25/2020,17:00,3416
3/25/2020,18:00,3624
3/25/2020,19:00,3583
3/25/2020,20:00,3476
3/25/2020,21:00,3359
3/25/2020,22:00,3189
3/25/2020,23:00,2985
3/26/2020,0:00,2745
3/26/2020,1:00,2624
3/26/2020,2:00,2592
3/26/2020,3:00,2602
3/26/2020,4:00,2638
3/26/2020,5:00,2765
3/26/2020,6:00,2965
3/26/2020,7:00,3145
3/26/2020,8:00,3362
3/26/2020,9:00,3465
3/26/2020,10:00,3414
3/26/2020,11:00,3374
3/26/2020,12:00,3202
3/26/2020,13:00,3264
3/26/2020,14:00,3216
3/26/2020,15:00,3175
3/26/2020,16:00,3195
3/26/2020,17:00,3230
3/26/2020,18:00,3393
3/26/2020,19:00,3322
3/26/2020,20:00,3204
3/26/2020,21:00,3088
3/26/2020,22:00,2971
3/26/2020,23:00,2798
3/27/2020,0:00,2584
3/27/2020,1:00,2472
3/27/2020,2:00,2464
3/27/2020,3:00,2490
3/27/2020,4:00,2532
3/27/2020,5:00,2619
3/27/2020,6:00,2737
3/27/2020,7:00,3001
3/27/2020,8:00,3350
3/27/2020,9:00,3418
3/27/2020,10:00,3431
3/27/2020,11:00,3386
3/27/2020,12:00,3197
3/27/2020,13:00,3265
3/27/2020,14:00,3333
3/27/2020,15:00,3277
3/27/2020,16:00,3270
3/27/2020,17:00,3310
3/27/2020,18:00,3359
3/27/2020,19:00,3259
3/27/2020,20:00,3119
3/27/2020,21:00,2991
3/27/2020,22:00,2860
3/27/2020,23:00,2704
3/28/2020,0:00,2508
3/28/2020,1:00,2403
3/28/2020,2:00,2384
3/28/2020,3:00,2384
3/28/2020,4:00,2370
3/28/2020,5:00,2340
3/28/2020,6:00,2358
3/28/2020,7:00,2505
3/28/2020,8:00,2727
3/28/2020,9:00,2794
3/28/2020,10:00,2820
3/28/2020,11:00,2873
3/28/2020,12:00,2835
3/28/2020,13:00,2803
3/28/2020,14:00,2772
3/28/2020,15:00,2810
3/28/2020,16:00,2930
3/28/2020,17:00,3081
3/28/2020,18:00,3154
3/28/2020,19:00,3101
3/28/2020,20:00,3021
3/28/2020,21:00,2912
3/28/2020,22:00,2783
3/28/2020,23:00,2666
3/29/2020,0:00,2496
3/29/2020,1:00,2420
3/29/2020,2:00,2414
3/29/2020,3:00,2433
3/29/2020,4:00,2453
3/29/2020,5:00,2506
3/29/2020,6:00,2629
3/29/2020,7:00,2880
3/29/2020,8:00,3248
3/29/2020,9:00,3568
3/29/2020,10:00,3746
3/29/2020,11:00,3845
3/29/2020,12:00,3855
3/29/2020,13:00,3699
3/29/2020,14:00,3596
3/29/2020,15:00,3576
3/29/2020,16:00,3630
3/29/2020,17:00,3809
3/29/2020,18:00,3939
3/29/2020,19:00,3853
3/29/2020,20:00,3720
3/29/2020,21:00,3534
3/29/2020,22:00,3273
3/29/2020,23:00,3035
3/30/2020,0:00,2776
3/30/2020,1:00,2635
3/30/2020,2:00,2597
3/30/2020,3:00,2588
3/30/2020,4:00,2627
3/30/2020,5:00,2794
3/30/2020,6:00,3134
3/30/2020,7:00,3537
3/30/2020,8:00,3942
3/30/2020,9:00,4120
3/30/2020,10:00,4078
3/30/2020,11:00,4029
3/30/2020,12:00,3862
3/30/2020,13:00,3912
3/30/2020,14:00,3821
3/30/2020,15:00,3742
3/30/2020,16:00,3794
3/30/2020,17:00,3879
3/30/2020,18:00,3977
3/30/2020,19:00,3863
3/30/2020,20:00,3712
3/30/2020,21:00,3550
3/30/2020,22:00,3333
3/30/2020,23:00,3081
3/31/2020,0:00,2796
3/31/2020,1:00,2646
3/31/2020,2:00,2605
3/31/2020,3:00,2606
3/31/2020,4:00,2638
3/31/2020,5:00,2759
3/31/2020,6:00,2993
3/31/2020,7:00,3306
3/31/2020,8:00,3692
3/31/2020,9:00,3891
3/31/2020,10:00,3901
3/31/2020,11:00,3851
3/31/2020,12:00,3722
3/31/2020,13:00,3780
3/31/2020,14:00,3710
3/31/2020,15:00,3628
3/31/2020,16:00,3675
3/31/2020,17:00,3774
3/31/2020,18:00,3854
3/31/2020,19:00,3750
3/31/2020,20:00,3602
3/31/2020,21:00,3454
3/31/2020,22:00,3264
3/31/2020,23:00,3011
,,
,,
,,
,,
,,
,,
,,
,,
,,
,,
,,
,,
,,
,,
,,
,,
,,
,,
,,
,,
,,
,,
,,
,,
,,
,,
,,
,,
,,
,,
,,
,,
,,
,,
,,
,,
,,
,,
,,
,,
,,
,,
,,
,,
,,
,,
,,
,,
,,
,,
,,
,,
,,
,,
,,
,,
,,
,,
,,
,,
,,
,,
,,
,,
,,
,,
,,
,,
,,
,,
,,
,,
,,
,,
,,
,,
,,
,,
,,
,,
,,
,,
,,
,,
,,
,,
,,
,,
,,
,,
,,
,,
,,
,,
,,
,,
,,
,,
,,
,,
,,
,,
,,
,,
,,
,,
,,
,,
,,
,,
,,
,,
,,
,,
,,
,,
,,
,,
,,
,,
,,
,,
,,
,,
,,
,,
,,
,,
,,
,,
,,
,,
,,
,,
,,
,,
,,
,,
,,
,,
,,
,,
,,
,,
,,
,,
,,
,,
,,
,,
,,
,,
,,
,,
,,
,,
,,
,,
,,
,,
,,
,,
,,
,,
,,
,,
,,
,,
,,
,,
,,
,,
,,
,,
,,
,,
,,
,,
,,
,,
,,
,,
,,
,,
,,
,,
,,
,,
,,
,,
,,
,,
,,
,,
,,
,,
,,
,,
,,
,,
,,
,,
,,
,,
,,
,,
,,
,,
,,
,,
,,
,,
,,
,,
,,
,,
,,
,,
,,
,,
,,
,,
,,
,,
,,
,,
,,
,,
,,
,,
,,
,,
,,
,,
,,
,,
,,
,,
,,
,,
,,
,,
,,
,,
,,
,,
,,
,,
,,
,,
,,
,,
,,
,,
,,
,,
,,
,,
,,
,,
,,
,,
,,
,,
,,
,,
,,
,,
,,
,,
,,
,,
,,
,,
,,
,,
,,
,,
,,
,,
,,
,,
,,
,,
,,
,,
,,
,,
,,
,,
,,
,,
,,
,,
,,
,,
,,
,,
,,
,,
,,
,,
,,
,,
,,
,,
,,
,,
,,
,,
,,
,,
,,
,,
,,
,,
,,
,,
,,
,,
,,
,,
,,
,,
,,
,,
,,
,,
,,
,,
,,
,,
,,
,,
,,
,,
,,
,,
,,
,,
,,
,,
,,
,,
,,
,,
,,
,,
,,
,,
,,
,,
,,
,,
,,
,,
,,
,,
,,
,,
,,
,,
,,
,,
,,
,,
,,
,,
,,
,,
,,
,,
,,
,,
,,
,,
,,
,,
,,
,,
,,
,,
,,
,,
,,
,,
,,
,,
,,
,,
,,
,,
,,
,,
,,
,,
,,
,,
,,
,,
,,
,,
,,
,,
,,
,,
,,
,,
,,
,,
,,
,,
,,
,,
,,
,,
,,
,,
,,
,,
,,
,,
,,
,,
,,
,,
,,
,,
,,
,,
,,
,,
,,
,,
,,
,,
,,
,,
,,
,,
,,
,,
,,
,,
,,
,,
,,
,,
,,
,,
,,
,,
,,
,,
,,
,,
,,
,,
,,
,,
,,
,,
,,
,,
,,
,,
,,
,,
,,
,,
,,
,,
,,
,,
,,
,,
,,
,,
,,
,,
,,
,,
,,
,,
,,
,,
,,
,,
,,
,,
,,
,,
,,
,,
,,
,,
,,
,,
,,
,,
,,
,,
,,
,,
,,
,,
,,
,,
,,
,,
,,
,,
,,
,,
,,
,,
,,
,,
,,
,,
,,
,,
,,
,,
,,
,,
,,
,,
,,
,,
,,
,,
,,
,,
,,
,,
,,
,,
,,
,,
,,
,,
,,
,,
,,
,,
,,
,,
,,
,,
,,
,,
,,
,,
,,
,,
,,
,,
,,
,,
,,
,,
,,
,,
,,
,,
,,
,,
,,
,,
,,
,,
,,
,,
,,
,,
,,
,,
,,
,,
,,
,,
,,
,,
,,
,,
,,
,,
,,
,,
,,
,,
,,
,,
,,
,,
,,
,,
,,
,,
,,
,,
,,
,,
,,
,,
,,
,,
,,
,,
,,
,,
,,
,,
,,
,,
,,
,,
,,
,,
,,
,,
,,
,,
,,
,,
,,
,,
,,
,,
,,
,,
,,
,,
,,
,,
,,
,,
,,
,,
,,
,,
,,
,,
,,
,,
,,
,,
,,
,,
,,
,,
,,
,,
,,
,,
,,
,,
,,
,,
,,
,,
,,
,,
,,
,,
,,
,,
,,
,,
,,
,,
,,
,,
,,
,,
,,
,,
,,
,,
,,
,,
,,
,,
,,
,,
,,
,,
,,
,,
,,
,,
,,
,,
,,
,,
,,
,,
,,
,,
,,
,,
,,
,,
,,
,,
,,
,,
,,
,,
,,
,,
,,
,,
,,
,,
,,
,,
,,
,,
,,
,,
,,
,,
,,
,,
,,
,,
,,
,,
,,
,,
,,
,,
,,
,,
,,
,,
,,
,,
,,
,,
,,
,,
,,
,,
,,
,,
,,
,,
,,
,,
,,
,,
,,
,,
,,
,,
,,
,,
,,
,,
,,
,,
,,
,,
,,
,,
,,
,,
,,
,,
,,
,,
,,
,,
,,
,,
,,
,,
,,
,,
,,
,,
,,
,,
,,
,,
,,
,,
,,
,,
,,
,,
,,
,,
,,
,,
,,
,,
,,
,,
,,
,,
,,
,,
,,
,,
,,
,,
,,
,,
,,
,,
,,
,,
,,
,,
,,
,,
,,
,,
,,
,,
,,
,,
,,
,,
,,
,,
,,
,,
,,
,,
,,
,,
,,
,,
,,
,,
,,
,,
,,
,,
,,
,,
,,
,,
,,
,,
,,
,,
,,
,,
,,
,,
,,
,,
,,
,,
,,
,,
,,
,,
,,
,,
,,
,,
,,
,,
,,
,,
,,
,,
,,
,,
,,
,,
,,
,,
,,
,,
,,
,,
,,
,,
,,
,,
,,
,,
,,
,,
,,
,,
,,
,,
,,
,,
,,
,,
,,
,,
,,
,,
,,
,,
,,
,,
,,
,,
,,
,,
,,
,,
,,
,,
,,
,,
,,
,,
,,
,,
,,
,,
,,
,,
,,
,,
,,
,,
,,
,,
,,
,,
,,
,,
,,
,,
,,
,,
,,
,,
,,
,,
,,
,,
,,
,,
,,
,,
,,
,,
,,
,,
,,
,,
,,
,,
,,
,,
,,
,,
,,
,,
,,
,,
,,
,,
,,
,,
,,
,,
,,
,,
,,
,,
,,
,,
,,
,,
,,
,,
,,
,,
