※データは速報値であり、推計値などが含まれます,,,,,,,,,,,,,
※データは過去にさかのぼり修正する場合があります,,,,,,,,,,,,,
※四捨五入の関係で合計が合わないことがあります,,,,,,,,,,,,,
※例えば、0:00の実績値は、0時00分から1時00分までの1時間平均値を示します,,,,,,,,,,,,,
,,エリア需要,原子力,火力,水力,地熱,バイオマス,太陽光実績,太陽光抑制量,風力実績,風力抑制量,揚水,連系線
DATE,TIME,MWh,MWh,MWh,MWh,MWh,MWh,MWh,MWh,MWh,MWh,MWh,MWh
2019/3/1,0:00,3373,0,2278,737,,8,0,0,5,0,0,345
2019/3/1,1:00,3482,0,2349,790,,8,0,0,4,0,0,331
2019/3/1,2:00,3690,0,2410,936,,8,0,0,2,0,0,334
2019/3/1,3:00,3817,0,2508,925,,8,0,0,0,0,49,327
2019/3/1,4:00,3828,0,2681,841,,8,0,0,0,0,0,297
2019/3/1,5:00,3771,0,2721,714,,8,0,0,0,0,0,327
2019/3/1,6:00,3771,0,2715,773,,8,7,0,0,0,0,267
2019/3/1,7:00,3689,0,2604,758,,8,79,0,0,0,0,240
2019/3/1,8:00,3831,0,2537,651,,8,194,0,0,0,0,440
2019/3/1,9:00,3874,0,2350,541,,8,356,0,0,0,0,618
2019/3/1,10:00,3804,0,1989,520,,8,442,0,4,0,0,841
2019/3/1,11:00,3768,0,1913,525,,8,512,0,5,0,-120,925
2019/3/1,12:00,3488,0,1881,454,,8,403,0,9,0,-124,857
2019/3/1,13:00,3690,0,2075,517,,9,285,0,17,0,-124,911
2019/3/1,14:00,3715,0,2061,456,,9,276,0,20,0,0,894
2019/3/1,15:00,3717,0,2194,507,,9,217,0,22,0,0,769
2019/3/1,16:00,3758,0,2532,553,,9,115,0,19,0,0,531
2019/3/1,17:00,3752,0,2770,638,,9,22,0,24,0,26,263
2019/3/1,18:00,3806,0,2888,830,,9,0,0,21,0,49,8
2019/3/1,19:00,3703,0,2803,787,,9,0,0,22,0,49,33
2019/3/1,20:00,3627,0,2716,772,,9,0,0,15,0,27,88
2019/3/1,21:00,3543,0,2706,712,,9,0,0,9,0,0,107
2019/3/1,22:00,3508,0,2614,813,,8,0,0,8,0,0,65
2019/3/1,23:00,3533,0,2481,880,,8,0,0,9,0,1,153
2019/3/2,0:00,3473,0,2558,955,,8,0,0,11,0,9,-68
2019/3/2,1:00,3569,0,2627,1027,,8,0,0,12,0,50,-154
2019/3/2,2:00,3745,0,2708,1113,,8,0,0,9,0,88,-181
2019/3/2,3:00,3829,0,2776,1119,,8,0,0,4,0,89,-168
2019/3/2,4:00,3792,0,2895,972,,8,0,0,2,0,89,-174
2019/3/2,5:00,3618,0,2940,773,,8,0,0,2,0,70,-175
2019/3/2,6:00,3519,0,2938,775,,8,8,0,0,0,3,-212
2019/3/2,7:00,3393,0,2866,712,,8,112,0,0,0,0,-304
2019/3/2,8:00,3327,0,2432,696,,8,285,0,0,0,0,-94
2019/3/2,9:00,3320,0,2270,640,,8,461,0,0,0,0,-59
2019/3/2,10:00,3204,0,2116,499,,8,572,0,0,0,0,8
2019/3/2,11:00,3125,0,2142,493,,8,629,0,1,0,-122,-27
2019/3/2,12:00,2969,0,2031,460,,8,647,0,6,0,-124,-59
2019/3/2,13:00,2961,0,2002,501,,8,610,0,9,0,-124,-45
2019/3/2,14:00,2928,0,2036,522,,8,508,0,10,0,-124,-32
2019/3/2,15:00,2918,0,2101,518,,8,353,0,7,0,0,-69
2019/3/2,16:00,3003,0,2430,604,,8,164,0,8,0,0,-211
2019/3/2,17:00,3160,0,2663,875,,8,26,0,5,0,0,-415
2019/3/2,18:00,3318,0,2782,858,,8,0,0,3,0,0,-334
2019/3/2,19:00,3292,0,2770,816,,8,0,0,7,0,0,-310
2019/3/2,20:00,3252,0,2776,727,,8,0,0,5,0,0,-264
2019/3/2,21:00,3157,0,2723,669,,8,0,0,4,0,0,-247
2019/3/2,22:00,3144,0,2691,771,,8,0,0,7,0,0,-333
2019/3/2,23:00,3151,0,2581,807,,8,0,0,11,0,0,-255
2019/3/3,0:00,3120,0,2524,714,,8,0,0,17,0,0,-143
2019/3/3,1:00,3230,0,2485,874,,8,0,0,22,0,2,-161
2019/3/3,2:00,3441,0,2531,980,,8,0,0,26,0,74,-177
2019/3/3,3:00,3546,0,2639,968,,8,0,0,29,0,74,-171
2019/3/3,4:00,3517,0,2656,964,,8,0,0,27,0,33,-171
2019/3/3,5:00,3326,0,2573,885,,8,0,0,28,0,0,-168
2019/3/3,6:00,3126,0,2490,820,,8,6,0,30,0,0,-228
2019/3/3,7:00,2981,0,2576,633,,8,67,0,29,0,0,-333
2019/3/3,8:00,2923,0,2599,461,,8,175,0,21,0,0,-340
2019/3/3,9:00,2949,0,2496,485,,8,328,0,22,0,0,-388
2019/3/3,10:00,2832,0,2259,434,,8,477,0,16,0,0,-363
2019/3/3,11:00,2818,0,2343,425,,8,404,0,7,0,0,-369
2019/3/3,12:00,2749,0,2155,422,,8,448,0,2,0,0,-286
2019/3/3,13:00,2718,0,2135,471,,8,372,0,0,0,0,-269
2019/3/3,14:00,2693,0,2254,436,,8,267,0,1,0,0,-273
2019/3/3,15:00,2737,0,2397,470,,8,165,0,1,0,0,-303
2019/3/3,16:00,2854,0,2493,666,,8,70,0,6,0,0,-389
2019/3/3,17:00,3072,0,2613,673,,8,13,0,15,0,0,-249
2019/3/3,18:00,3191,0,2731,635,,8,0,0,18,0,0,-202
2019/3/3,19:00,3166,0,2776,659,,8,0,0,24,0,0,-302
2019/3/3,20:00,3106,0,2737,627,,8,0,0,29,0,0,-294
2019/3/3,21:00,2972,0,2626,611,,8,0,0,30,0,0,-303
2019/3/3,22:00,2965,0,2487,603,,8,0,0,30,0,0,-162
2019/3/3,23:00,2996,0,2345,699,,8,0,0,32,0,0,-88
2019/3/4,0:00,2958,0,2298,503,,8,0,0,39,0,0,111
2019/3/4,1:00,3094,0,2302,648,,8,0,0,43,0,0,92
2019/3/4,2:00,3312,0,2303,859,,8,0,0,44,0,0,98
2019/3/4,3:00,3464,0,2410,954,,8,0,0,34,0,0,57
2019/3/4,4:00,3529,0,2549,874,,8,0,0,33,0,0,65
2019/3/4,5:00,3488,0,2656,702,,8,0,0,37,0,0,84
2019/3/4,6:00,3465,0,2607,736,,8,2,0,34,0,0,78
2019/3/4,7:00,3530,0,2558,824,,8,14,0,32,0,0,94
2019/3/4,8:00,3840,0,2551,952,,8,34,0,29,0,0,265
2019/3/4,9:00,4058,0,2689,1031,,8,53,0,25,0,0,252
2019/3/4,10:00,4050,0,2696,901,,8,92,0,23,0,0,331
2019/3/4,11:00,4036,0,2602,907,,8,105,0,29,0,0,385
2019/3/4,12:00,3796,0,2597,687,,8,89,0,45,0,0,371
2019/3/4,13:00,4010,0,2663,798,,8,72,0,55,0,0,415
2019/3/4,14:00,4046,0,2727,782,,8,68,0,52,0,0,409
2019/3/4,15:00,4018,0,2688,839,,8,54,0,36,0,1,392
2019/3/4,16:00,4076,0,2656,960,,8,28,0,28,0,49,346
2019/3/4,17:00,4041,0,2604,966,,8,6,0,24,0,89,344
2019/3/4,18:00,4039,0,2587,1002,,8,0,0,30,0,89,322
2019/3/4,19:00,3884,0,2588,901,,8,0,0,17,0,88,282
2019/3/4,20:00,3765,0,2589,820,,8,0,0,12,0,89,247
2019/3/4,21:00,3582,0,2591,716,,8,0,0,9,0,44,213
2019/3/4,22:00,3524,0,2567,704,,8,0,0,13,0,0,233
2019/3/4,23:00,3492,0,2567,717,,8,0,0,23,0,0,177
2019/3/5,0:00,3395,0,2486,732,,8,0,0,25,0,0,144
2019/3/5,1:00,3549,0,2370,1023,,8,0,0,20,0,0,128
2019/3/5,2:00,3758,0,2404,1202,,8,0,0,11,0,0,133
2019/3/5,3:00,3896,0,2539,1218,,8,0,0,7,0,0,124
2019/3/5,4:00,3922,0,2604,1160,,8,0,0,4,0,0,146
2019/3/5,5:00,3844,0,2656,1035,,8,0,0,4,0,0,141
2019/3/5,6:00,3833,0,2640,960,,8,9,0,3,0,85,128
2019/3/5,7:00,3738,0,2604,795,,8,105,0,1,0,32,193
2019/3/5,8:00,3844,0,2413,777,,8,272,0,0,0,0,375
2019/3/5,9:00,3922,0,2365,727,,8,442,0,0,0,0,381
2019/3/5,10:00,3837,0,2226,590,,8,557,0,0,0,0,457
2019/3/5,11:00,3748,0,2007,560,,8,642,0,1,0,0,530
2019/3/5,12:00,3464,0,1880,554,,8,633,0,2,0,-120,507
2019/3/5,13:00,3608,0,1951,583,,8,608,0,3,0,-124,578
2019/3/5,14:00,3577,0,1967,614,,8,488,0,3,0,-22,519
2019/3/5,15:00,3536,0,2103,635,,8,341,0,1,0,0,448
2019/3/5,16:00,3608,0,2397,723,,9,151,0,0,0,0,329
2019/3/5,17:00,3675,0,2670,883,,8,24,0,1,0,0,90
2019/3/5,18:00,3772,0,2711,1041,,9,0,0,2,0,0,10
2019/3/5,19:00,3679,0,2707,934,,8,0,0,7,0,0,23
2019/3/5,20:00,3604,0,2659,866,,8,0,0,8,0,0,63
2019/3/5,21:00,3472,0,2528,836,,9,0,0,5,0,0,94
2019/3/5,22:00,3412,0,2505,684,,8,0,0,5,0,0,210
2019/3/5,23:00,3416,0,2436,758,,8,0,0,7,0,0,207
2019/3/6,0:00,3329,0,2379,766,,8,0,0,10,0,0,166
2019/3/6,1:00,3462,0,2336,978,,8,0,0,14,0,0,125
2019/3/6,2:00,3671,0,2359,1118,,8,0,0,15,0,50,121
2019/3/6,3:00,3815,0,2543,1092,,8,0,0,13,0,49,111
2019/3/6,4:00,3827,0,2703,971,,8,0,0,17,0,0,127
2019/3/6,5:00,3722,0,2722,842,,8,0,0,23,0,0,127
2019/3/6,6:00,3693,0,2682,819,,8,10,0,25,0,0,149
2019/3/6,7:00,3631,0,2687,751,,8,73,0,15,0,0,97
2019/3/6,8:00,3837,0,2730,678,,8,163,0,16,0,0,242
2019/3/6,9:00,3949,0,2757,705,,8,231,0,18,0,0,230
2019/3/6,10:00,3869,0,2763,595,,8,277,0,22,0,0,204
2019/3/6,11:00,3802,0,2706,550,,8,314,0,34,0,0,191
2019/3/6,12:00,3533,0,2443,503,,8,286,0,50,0,0,244
2019/3/6,13:00,3691,0,2649,582,,8,288,0,53,0,0,110
2019/3/6,14:00,3661,0,2631,613,,8,242,0,45,0,0,122
2019/3/6,15:00,3695,0,2805,620,,8,115,0,23,0,0,123
2019/3/6,16:00,3735,0,2849,862,,8,50,0,11,0,0,-44
2019/3/6,17:00,3723,0,2841,840,,8,7,0,18,0,25,-16
2019/3/6,18:00,3745,0,2783,860,,8,1,0,14,0,59,20
2019/3/6,19:00,3626,0,2653,954,,8,0,0,15,0,30,-35
2019/3/6,20:00,3533,0,2570,947,,8,0,0,14,0,0,-5
2019/3/6,21:00,3384,0,2432,880,,9,0,0,6,0,0,58
2019/3/6,22:00,3318,0,2291,823,,8,0,0,1,0,0,195
2019/3/6,23:00,3306,0,2234,878,,8,0,0,0,0,0,186
2019/3/7,0:00,3224,0,2200,746,,8,0,0,1,0,0,269
2019/3/7,1:00,3334,0,2217,841,,8,0,0,2,0,0,266
2019/3/7,2:00,3551,0,2301,963,,8,0,0,5,0,0,275
2019/3/7,3:00,3710,0,2363,1053,,8,0,0,6,0,25,254
2019/3/7,4:00,3727,0,2463,1003,,8,0,0,10,0,25,217
2019/3/7,5:00,3653,0,2528,930,,8,0,0,7,0,0,180
2019/3/7,6:00,3561,0,2587,827,,8,2,0,6,0,0,131
2019/3/7,7:00,3558,0,2622,720,,8,17,0,4,0,0,187
2019/3/7,8:00,3886,0,2698,708,,8,44,0,2,0,0,427
2019/3/7,9:00,4056,0,2722,794,,8,77,0,1,0,0,455
2019/3/7,10:00,4015,0,2561,859,,8,124,0,2,0,0,461
2019/3/7,11:00,4011,0,2507,910,,8,126,0,20,0,0,441
2019/3/7,12:00,3810,0,2728,654,,8,71,0,50,0,-120,419
2019/3/7,13:00,4027,0,2687,832,,8,66,0,50,0,-62,446
2019/3/7,14:00,4057,0,2628,858,,8,68,0,66,0,0,429
2019/3/7,15:00,4031,0,2611,838,,8,84,0,75,0,0,416
2019/3/7,16:00,4051,0,2682,830,,8,59,0,66,0,0,406
2019/3/7,17:00,4017,0,2691,911,,8,11,0,50,0,24,323
2019/3/7,18:00,4030,0,2654,1033,,8,0,0,40,0,50,244
2019/3/7,19:00,3902,0,2648,974,,8,0,0,39,0,26,206
2019/3/7,20:00,3792,0,2568,1012,,8,0,0,39,0,0,165
2019/3/7,21:00,3629,0,2469,874,,8,0,0,35,0,0,243
2019/3/7,22:00,3578,0,2383,1063,,8,0,0,33,0,0,92
2019/3/7,23:00,3590,0,2300,1030,,8,0,0,42,0,0,211
2019/3/8,0:00,3545,0,2303,1011,,8,0,0,32,0,0,192
2019/3/8,1:00,3653,0,2406,1021,,8,0,0,35,0,50,134
2019/3/8,2:00,3872,0,2499,1039,,8,0,0,47,0,49,230
2019/3/8,3:00,3963,0,2563,1057,,8,0,0,44,0,49,243
2019/3/8,4:00,3934,0,2615,1002,,8,0,0,33,0,50,226
2019/3/8,5:00,3862,0,2609,1067,,8,0,0,16,0,24,138
2019/3/8,6:00,3906,0,2629,1055,,8,8,0,22,0,0,185
2019/3/8,7:00,3860,0,2638,860,,8,82,0,21,0,0,251
2019/3/8,8:00,3999,0,2617,663,,8,276,0,19,0,0,415
2019/3/8,9:00,4106,0,2623,637,,8,388,0,19,0,0,431
2019/3/8,10:00,3983,0,2596,535,,8,429,0,10,0,0,404
2019/3/8,11:00,3941,0,2581,543,,8,535,0,7,0,-120,387
2019/3/8,12:00,3664,0,2364,536,,8,536,0,7,0,-124,338
2019/3/8,13:00,3795,0,2484,619,,8,405,0,11,0,-122,390
2019/3/8,14:00,3827,0,2587,678,,8,286,0,15,0,-124,377
2019/3/8,15:00,3798,0,2544,648,,8,224,0,11,0,-2,364
2019/3/8,16:00,3795,0,2500,793,,8,152,0,6,0,0,337
2019/3/8,17:00,3794,0,2566,848,,8,34,0,2,0,0,336
2019/3/8,18:00,3912,0,2643,990,,8,1,0,3,0,0,267
2019/3/8,19:00,3820,0,2716,850,,8,0,0,3,0,0,243
2019/3/8,20:00,3770,0,2655,805,,8,0,0,4,0,46,251
2019/3/8,21:00,3662,0,2492,870,,8,0,0,6,0,50,237
2019/3/8,22:00,3629,0,2415,939,,8,0,0,5,0,74,188
2019/3/8,23:00,3687,0,2314,1099,,8,0,0,5,0,89,172
2019/3/9,0:00,3613,0,2482,914,,8,0,0,6,0,0,203
2019/3/9,1:00,3711,0,2492,927,,8,0,0,8,0,50,227
2019/3/9,2:00,3884,0,2539,1088,,8,0,0,10,0,49,191
2019/3/9,3:00,3926,0,2700,959,,8,0,0,10,0,50,200
2019/3/9,4:00,3860,0,2729,879,,8,0,0,12,0,49,183
2019/3/9,5:00,3692,0,2751,867,,8,0,0,11,0,49,7
2019/3/9,6:00,3572,0,2658,844,,8,18,0,14,0,31,-2
2019/3/9,7:00,3393,0,2416,770,,8,161,0,13,0,0,25
2019/3/9,8:00,3358,0,2257,700,,8,351,0,7,0,0,36
2019/3/9,9:00,3321,0,2214,547,,8,531,0,12,0,0,9
2019/3/9,10:00,3210,0,2050,507,,8,647,0,24,0,0,-26
2019/3/9,11:00,3114,0,1850,520,,8,705,0,31,0,0,0
2019/3/9,12:00,2973,0,1785,488,,8,711,0,47,0,0,-65
2019/3/9,13:00,2930,0,1861,504,,8,662,0,62,0,-120,-47
2019/3/9,14:00,2855,0,1893,500,,8,550,0,73,0,-124,-45
2019/3/9,15:00,2842,0,1967,588,,8,364,0,70,0,-124,-31
2019/3/9,16:00,2872,0,1988,705,,8,178,0,57,0,0,-64
2019/3/9,17:00,2984,0,2069,801,,8,36,0,47,0,42,-18
2019/3/9,18:00,3155,0,2198,861,,8,1,0,52,0,49,-13
2019/3/9,19:00,3136,0,2381,725,,8,0,0,40,0,9,-28
2019/3/9,20:00,3074,0,2378,687,,8,0,0,56,0,0,-54
2019/3/9,21:00,2973,0,2336,648,,8,0,0,61,0,0,-80
2019/3/9,22:00,2951,0,2343,621,,8,0,0,55,0,0,-76
2019/3/9,23:00,2957,0,2328,680,,8,0,0,56,0,0,-115
2019/3/10,0:00,2864,0,2212,730,,8,0,0,55,0,0,-141
2019/3/10,1:00,2972,0,2126,897,,8,0,0,51,0,0,-110
2019/3/10,2:00,3198,0,2159,1034,,8,0,0,45,0,0,-48
2019/3/10,3:00,3341,0,2213,1095,,8,0,0,50,0,0,-24
2019/3/10,4:00,3346,0,2228,1127,,8,0,0,47,0,0,-63
2019/3/10,5:00,3179,0,2242,959,,8,0,0,41,0,0,-71
2019/3/10,6:00,2969,0,2207,860,,8,11,0,37,0,0,-153
2019/3/10,7:00,2760,0,2077,692,,8,107,0,28,0,0,-152
2019/3/10,8:00,2727,0,1996,543,,8,240,0,9,0,0,-69
2019/3/10,9:00,2751,0,2033,527,,8,277,0,2,0,0,-95
2019/3/10,10:00,2707,0,2018,467,,8,321,0,1,0,0,-107
2019/3/10,11:00,2664,0,1973,464,,8,334,0,0,0,0,-114
2019/3/10,12:00,2648,0,1914,568,,8,273,0,0,0,0,-115
2019/3/10,13:00,2621,0,1936,570,,8,210,0,0,0,0,-102
2019/3/10,14:00,2624,0,2019,573,,8,130,0,1,0,0,-106
2019/3/10,15:00,2651,0,2078,610,,8,60,0,5,0,0,-109
2019/3/10,16:00,2757,0,2253,601,,8,23,0,13,0,0,-141
2019/3/10,17:00,2955,0,2269,876,,8,5,0,24,0,0,-227
2019/3/10,18:00,3047,0,2308,969,,8,1,0,23,0,0,-261
2019/3/10,19:00,3017,0,2322,904,,8,1,0,30,0,0,-248
2019/3/10,20:00,2947,0,2298,865,,8,0,0,39,0,0,-263
2019/3/10,21:00,2843,0,2267,694,,8,0,0,45,0,0,-170
2019/3/10,22:00,2810,0,2132,809,,8,0,0,42,0,0,-182
2019/3/10,23:00,2811,0,2054,876,,8,0,0,38,0,0,-165
2019/3/11,0:00,2785,0,2135,612,,8,0,0,25,0,0,5
2019/3/11,1:00,2909,0,2214,660,,8,0,0,13,0,0,15
2019/3/11,2:00,3160,0,2266,846,,8,0,0,15,0,0,25
2019/3/11,3:00,3327,0,2376,962,,8,0,0,9,0,0,-29
2019/3/11,4:00,3392,0,2338,1019,,8,0,0,9,0,48,-31
2019/3/11,5:00,3304,0,2280,1010,,8,0,0,8,0,0,-2
2019/3/11,6:00,3289,0,2399,811,,8,2,0,7,0,0,63
2019/3/11,7:00,3350,0,2413,798,,8,10,0,3,0,0,118
2019/3/11,8:00,3695,0,2513,797,,8,33,0,3,0,1,340
2019/3/11,9:00,3914,0,2611,841,,8,89,0,6,0,49,310
2019/3/11,10:00,3889,0,2496,826,,8,113,0,39,0,50,359
2019/3/11,11:00,3905,0,2468,819,,8,100,0,80,0,49,382
2019/3/11,12:00,3680,0,2339,836,,8,91,0,102,0,0,305
2019/3/11,13:00,3879,0,2437,887,,8,91,0,107,0,0,350
2019/3/11,14:00,3906,0,2488,886,,8,66,0,105,0,0,353
2019/3/11,15:00,3882,0,2502,895,,8,37,0,93,0,0,347
2019/3/11,16:00,3908,0,2548,971,,8,21,0,76,0,0,285
2019/3/11,17:00,3842,0,2513,975,,8,8,0,78,0,0,261
2019/3/11,18:00,3835,0,2576,1055,,8,0,0,72,0,0,124
2019/3/11,19:00,3684,0,2479,1122,,8,0,0,51,0,0,24
2019/3/11,20:00,3564,0,2405,1131,,8,0,0,35,0,0,-14
2019/3/11,21:00,3428,0,2298,1069,,8,0,0,15,0,0,39
2019/3/11,22:00,3369,0,2242,981,,8,0,0,4,0,0,134
2019/3/11,23:00,3344,0,2159,1000,,8,0,0,4,0,0,172
2019/3/12,0:00,3283,0,2217,965,,8,0,0,4,0,0,88
2019/3/12,1:00,3397,0,2325,1012,,8,0,0,8,0,0,45
2019/3/12,2:00,3627,0,2423,1133,,8,0,0,13,0,0,49
2019/3/12,3:00,3747,0,2513,1174,,8,0,0,13,0,0,38
2019/3/12,4:00,3783,0,2565,1148,,8,0,0,15,0,0,47
2019/3/12,5:00,3685,0,2552,1059,,8,0,0,14,0,0,52
2019/3/12,6:00,3662,0,2622,1112,,8,13,0,22,0,0,-114
2019/3/12,7:00,3575,0,2531,951,,8,84,0,20,0,0,-18
2019/3/12,8:00,3781,0,2497,859,,8,218,0,17,0,0,181
2019/3/12,9:00,3981,0,2490,889,,8,210,0,23,0,0,361
2019/3/12,10:00,3963,0,2515,862,,8,174,0,17,0,0,386
2019/3/12,11:00,3940,0,2539,813,,8,171,0,35,0,0,375
2019/3/12,12:00,3646,0,2368,740,,8,193,0,49,0,0,289
2019/3/12,13:00,3813,0,2415,761,,8,218,0,44,0,0,368
2019/3/12,14:00,3877,0,2543,814,,8,124,0,39,0,0,349
2019/3/12,15:00,3861,0,2641,764,,8,100,0,40,0,0,309
2019/3/12,16:00,3893,0,2714,908,,8,44,0,49,0,0,171
2019/3/12,17:00,3883,0,2753,1003,,8,11,0,51,0,8,50
2019/3/12,18:00,3903,0,2869,1068,,8,1,0,22,0,49,-114
2019/3/12,19:00,3760,0,2829,903,,8,0,0,11,0,49,-40
2019/3/12,20:00,3642,0,2634,1028,,8,0,0,12,0,0,-39
2019/3/12,21:00,3503,0,2472,1044,,8,0,0,19,0,0,-40
2019/3/12,22:00,3436,0,2382,1171,,8,0,0,22,0,0,-146
2019/3/12,23:00,3422,0,2306,968,,8,0,0,46,0,0,94
2019/3/13,0:00,3314,0,2294,880,,8,0,0,62,0,0,71
2019/3/13,1:00,3428,0,2449,850,,8,0,0,64,0,0,58
2019/3/13,2:00,3658,0,2607,936,,8,0,0,66,0,0,42
2019/3/13,3:00,3804,0,2637,1054,,8,0,0,70,0,0,35
2019/3/13,4:00,3797,0,2696,964,,8,0,0,79,0,0,50
2019/3/13,5:00,3765,0,2679,923,,8,0,0,95,0,0,60
2019/3/13,6:00,3725,0,2897,872,,8,2,0,79,0,0,-133
2019/3/13,7:00,3652,0,2872,865,,8,40,0,62,0,0,-195
2019/3/13,8:00,3915,0,2746,790,,8,143,0,58,0,0,170
2019/3/13,9:00,4131,0,2794,755,,8,212,0,76,0,0,286
2019/3/13,10:00,4079,0,2678,615,,8,281,0,87,0,0,412
2019/3/13,11:00,4053,0,2455,621,,8,339,0,82,0,0,548
2019/3/13,12:00,3871,0,2379,615,,8,220,0,97,0,0,552
2019/3/13,13:00,4111,0,2576,675,,8,203,0,80,0,0,569
2019/3/13,14:00,4189,0,2697,720,,8,102,0,81,0,0,581
2019/3/13,15:00,4225,0,2818,745,,8,60,0,91,0,0,503
2019/3/13,16:00,4307,0,2850,922,,8,53,0,94,0,0,381
2019/3/13,17:00,4265,0,2946,1167,,8,20,0,87,0,1,36
2019/3/13,18:00,4278,0,2943,1318,,8,0,0,84,0,48,-123
2019/3/13,19:00,4128,0,2918,1106,,8,0,0,82,0,0,13
2019/3/13,20:00,4060,0,2893,1034,,8,0,0,77,0,0,48
2019/3/13,21:00,3897,0,2787,978,,8,0,0,71,0,0,53
2019/3/13,22:00,3837,0,2738,962,,8,0,0,77,0,1,51
2019/3/13,23:00,3825,0,2685,919,,8,0,0,75,0,93,46
2019/3/14,0:00,3745,0,2726,848,,8,0,0,67,0,7,89
2019/3/14,1:00,3828,0,2747,940,,8,0,0,62,0,0,71
2019/3/14,2:00,4018,0,2947,949,,8,0,0,65,0,0,49
2019/3/14,3:00,4108,0,3028,908,,8,0,0,74,0,50,41
2019/3/14,4:00,4071,0,3029,875,,8,0,0,73,0,49,37
2019/3/14,5:00,3955,0,2897,945,,8,0,0,65,0,0,40
2019/3/14,6:00,3948,0,2964,973,,8,11,0,58,0,0,-67
2019/3/14,7:00,3926,0,3004,879,,8,80,0,40,0,0,-85
2019/3/14,8:00,4128,0,3010,961,,8,121,0,21,0,0,7
2019/3/14,9:00,4327,0,2958,854,,8,196,0,19,0,0,292
2019/3/14,10:00,4236,0,2797,709,,8,278,0,19,0,0,424
2019/3/14,11:00,4216,0,2735,619,,8,349,0,19,0,0,487
2019/3/14,12:00,3903,0,2435,557,,8,428,0,23,0,0,453
2019/3/14,13:00,4069,0,2519,619,,8,350,0,27,0,0,546
2019/3/14,14:00,4015,0,2547,588,,8,297,0,23,0,0,552
2019/3/14,15:00,3989,0,2612,609,,8,243,0,16,0,0,501
2019/3/14,16:00,4030,0,2783,750,,8,115,0,12,0,0,362
2019/3/14,17:00,4019,0,2899,862,,8,28,0,9,0,0,213
2019/3/14,18:00,4101,0,2979,980,,8,1,0,9,0,0,124
2019/3/14,19:00,4004,0,2960,941,,8,0,0,6,0,0,88
2019/3/14,20:00,3924,0,2874,913,,8,0,0,6,0,0,122
2019/3/14,21:00,3801,0,2683,961,,8,0,0,6,0,0,143
2019/3/14,22:00,3746,0,2510,1090,,8,0,0,6,0,0,132
2019/3/14,23:00,3772,0,2495,1149,,8,0,0,8,0,0,113
2019/3/15,0:00,3690,0,2590,919,,8,0,0,9,0,1,164
2019/3/15,1:00,3795,0,2723,799,,8,0,0,9,0,49,207
2019/3/15,2:00,3959,0,2667,986,,8,0,0,12,0,49,238
2019/3/15,3:00,4038,0,2773,996,,8,0,0,23,0,0,239
2019/3/15,4:00,3986,0,2781,991,,8,0,0,30,0,0,176
2019/3/15,5:00,3918,0,2780,1009,,8,0,0,9,0,0,112
2019/3/15,6:00,3932,0,2857,899,,8,20,0,9,0,0,140
2019/3/15,7:00,3836,0,2795,764,,8,143,0,16,0,0,110
2019/3/15,8:00,3917,0,2719,744,,8,321,0,10,0,0,115
2019/3/15,9:00,3991,0,2541,625,,8,483,0,11,0,0,323
2019/3/15,10:00,3881,0,2297,581,,8,593,0,31,0,0,372
2019/3/15,11:00,3819,0,2224,562,,8,625,0,51,0,0,349
2019/3/15,12:00,3570,0,2269,513,,8,547,0,51,0,-120,303
2019/3/15,13:00,3767,0,2427,580,,8,378,0,61,0,-32,345
2019/3/15,14:00,3778,0,2557,569,,8,245,0,65,0,0,334
2019/3/15,15:00,3781,0,2629,631,,8,132,0,71,0,0,310
2019/3/15,16:00,3861,0,2751,734,,8,52,0,75,0,0,241
2019/3/15,17:00,3857,0,2878,852,,8,9,0,58,0,0,52
2019/3/15,18:00,3876,0,2810,1008,,8,0,0,33,0,0,17
2019/3/15,19:00,3766,0,2678,987,,8,0,0,14,0,0,78
2019/3/15,20:00,3646,0,2581,839,,8,0,0,15,0,0,204
2019/3/15,21:00,3536,0,2340,967,,8,0,0,18,0,0,203
2019/3/15,22:00,3507,0,2145,1031,,8,0,0,24,0,38,261
2019/3/15,23:00,3575,0,2191,955,,8,0,0,13,0,18,390
2019/3/16,0:00,3490,0,2235,691,,8,0,0,10,0,0,547
2019/3/16,1:00,3579,0,2401,611,,8,0,0,4,0,0,556
2019/3/16,2:00,3755,0,2449,811,,8,0,0,3,0,0,484
2019/3/16,3:00,3831,0,2437,1206,,8,0,0,2,0,0,178
2019/3/16,4:00,3756,0,2441,1166,,8,0,0,1,0,0,140
2019/3/16,5:00,3578,0,2439,1135,,8,0,0,4,0,0,-8
2019/3/16,6:00,3433,0,2438,1016,,8,9,0,4,0,0,-41
2019/3/16,7:00,3360,0,2445,857,,8,62,0,3,0,0,-15
2019/3/16,8:00,3460,0,2463,782,,8,148,0,4,0,0,55
2019/3/16,9:00,3523,0,2413,648,,8,241,0,10,0,0,202
2019/3/16,10:00,3453,0,2384,565,,8,294,0,16,0,0,186
2019/3/16,11:00,3376,0,2364,599,,8,326,0,19,0,0,61
2019/3/16,12:00,3251,0,2310,629,,8,279,0,31,0,0,-6
2019/3/16,13:00,3280,0,2338,650,,8,240,0,34,0,0,9
2019/3/16,14:00,3254,0,2405,586,,8,238,0,30,0,0,-13
2019/3/16,15:00,3201,0,2416,558,,8,239,0,16,0,0,-36
2019/3/16,16:00,3206,0,2434,573,,8,171,0,8,0,0,12
2019/3/16,17:00,3263,0,2375,762,,8,46,0,2,0,0,70
2019/3/16,18:00,3413,0,2328,832,,8,1,0,2,0,0,243
2019/3/16,19:00,3405,0,2270,887,,8,0,0,2,0,0,237
2019/3/16,20:00,3343,0,2063,930,,8,0,0,0,0,0,342
2019/3/16,21:00,3260,0,1858,1066,,8,0,0,0,0,0,328
2019/3/16,22:00,3233,0,2115,842,,8,0,0,0,0,0,268
2019/3/16,23:00,3307,0,2347,699,,8,0,0,0,0,0,253
2019/3/17,0:00,3259,0,2455,762,,8,0,0,1,0,0,33
2019/3/17,1:00,3345,0,2612,702,,8,0,0,1,0,0,23
2019/3/17,2:00,3536,0,2685,911,,8,0,0,3,0,0,-70
2019/3/17,3:00,3607,0,2689,1034,,8,0,0,4,0,0,-128
2019/3/17,4:00,3548,0,2682,988,,8,0,0,6,0,0,-137
2019/3/17,5:00,3366,0,2593,923,,8,0,0,6,0,0,-163
2019/3/17,6:00,3205,0,2582,749,,8,17,0,2,0,0,-153
2019/3/17,7:00,3085,0,2534,611,,8,69,0,2,0,0,-139
2019/3/17,8:00,3094,0,2493,583,,8,102,0,3,0,0,-95
2019/3/17,9:00,3203,0,2504,640,,8,121,0,5,0,0,-75
2019/3/17,10:00,3176,0,2497,569,,8,155,0,14,0,0,-66
2019/3/17,11:00,3117,0,2340,476,,8,261,0,9,0,0,23
2019/3/17,12:00,3050,0,2094,527,,8,265,0,9,0,0,147
2019/3/17,13:00,2997,0,2162,528,,8,187,0,12,0,0,99
2019/3/17,14:00,2962,0,2092,475,,8,249,0,20,0,0,118
2019/3/17,15:00,2980,0,2181,527,,8,169,0,14,0,0,81
2019/3/17,16:00,3076,0,2328,659,,8,58,0,29,0,0,-5
2019/3/17,17:00,3261,0,2535,768,,8,19,0,30,0,0,-98
2019/3/17,18:00,3398,0,2541,836,,8,1,0,18,0,0,-5
2019/3/17,19:00,3384,0,2573,812,,8,0,0,11,0,0,-20
2019/3/17,20:00,3354,0,2574,854,,8,0,0,4,0,0,-86
2019/3/17,21:00,3268,0,2479,882,,8,0,0,2,0,2,-104
2019/3/17,22:00,3252,0,2388,888,,8,0,0,2,0,94,-127
2019/3/17,23:00,3340,0,2391,976,,8,0,0,0,0,93,-128
2019/3/18,0:00,3339,0,2522,872,,8,0,0,0,0,0,-63
2019/3/18,1:00,3441,0,2739,762,,8,0,0,0,0,0,-68
2019/3/18,2:00,3653,0,3053,683,,8,0,0,1,0,0,-91
2019/3/18,3:00,3724,0,3195,643,,8,0,0,1,0,0,-123
2019/3/18,4:00,3745,0,3118,771,,8,0,0,4,0,0,-157
2019/3/18,5:00,3733,0,3053,769,,8,0,0,4,0,0,-101
2019/3/18,6:00,3829,0,3052,843,,8,39,0,3,0,0,-115
2019/3/18,7:00,3797,0,2951,750,,8,203,0,3,0,0,-118
2019/3/18,8:00,3939,0,2783,682,,8,393,0,0,0,0,72
2019/3/18,9:00,4060,0,2763,614,,8,575,0,0,0,0,101
2019/3/18,10:00,3991,0,2629,472,,8,686,0,0,0,0,196
2019/3/18,11:00,3939,0,2496,462,,8,742,0,0,0,0,232
2019/3/18,12:00,3663,0,2424,452,,8,744,0,1,0,-120,155
2019/3/18,13:00,3751,0,2511,466,,8,682,0,1,0,-122,206
2019/3/18,14:00,3711,0,2602,492,,8,535,0,0,0,-122,196
2019/3/18,15:00,3702,0,2643,666,,8,332,0,0,0,-62,116
2019/3/18,16:00,3739,0,2708,780,,8,164,0,0,0,0,78
2019/3/18,17:00,3765,0,2703,981,,8,42,0,1,0,50,-20
2019/3/18,18:00,3904,0,2834,1051,,8,1,0,0,0,74,-64
2019/3/18,19:00,3816,0,2798,939,,8,0,0,2,0,74,-4
2019/3/18,20:00,3748,0,2674,812,,8,0,0,6,0,49,200
2019/3/18,21:00,3602,0,2817,557,,8,0,0,11,0,0,210
2019/3/18,22:00,3550,0,2776,625,,8,0,0,17,0,0,125
2019/3/18,23:00,3534,0,2766,629,,8,0,0,24,0,0,108
2019/3/19,0:00,3418,0,2774,644,,8,0,0,23,0,0,-32
2019/3/19,1:00,3531,0,2803,689,,8,0,0,21,0,0,11
2019/3/19,2:00,3727,0,2870,831,,8,0,0,23,0,2,-7
2019/3/19,3:00,3841,0,2873,846,,8,0,0,31,0,89,-5
2019/3/19,4:00,3791,0,2873,804,,8,0,0,34,0,69,2
2019/3/19,5:00,3704,0,2832,780,,8,0,0,34,0,50,0
2019/3/19,6:00,3696,0,2819,741,,8,28,0,35,0,46,20
2019/3/19,7:00,3605,0,2824,628,,8,136,0,25,0,0,-14
2019/3/19,8:00,3732,0,2742,676,,8,307,0,18,0,0,-18
2019/3/19,9:00,3822,0,2746,620,,8,451,0,19,0,0,-20
2019/3/19,10:00,3755,0,2588,523,,8,507,0,20,0,0,110
2019/3/19,11:00,3710,0,2561,480,,8,522,0,19,0,0,121
2019/3/19,12:00,3451,0,2429,467,,8,510,0,22,0,0,16
2019/3/19,13:00,3592,0,2604,538,,8,481,0,19,0,0,-58
2019/3/19,14:00,3560,0,2589,449,,8,422,0,13,0,0,79
2019/3/19,15:00,3524,0,2546,445,,8,324,0,9,0,0,193
2019/3/19,16:00,3556,0,2682,527,,8,180,0,6,0,0,152
2019/3/19,17:00,3532,0,2758,579,,8,53,0,6,0,0,127
2019/3/19,18:00,3628,0,2776,696,,8,2,0,15,0,0,131
2019/3/19,19:00,3543,0,2657,760,,8,0,0,12,0,0,105
2019/3/19,20:00,3488,0,2638,678,,8,0,0,1,0,0,164
2019/3/19,21:00,3372,0,2530,610,,8,0,0,1,0,0,222
2019/3/19,22:00,3342,0,2459,764,,8,0,0,1,0,0,110
2019/3/19,23:00,3313,0,2454,785,,8,0,0,1,0,0,65
2019/3/20,0:00,3247,0,2493,803,,8,0,0,2,0,1,-60
2019/3/20,1:00,3367,0,2598,775,,8,0,0,0,0,60,-75
2019/3/20,2:00,3601,0,2743,954,,8,0,0,0,0,59,-163
2019/3/20,3:00,3731,0,2815,1024,,8,0,0,0,0,59,-175
2019/3/20,4:00,3776,0,2849,1014,,8,0,0,0,0,59,-154
2019/3/20,5:00,3737,0,2836,896,,8,0,0,1,0,60,-63
2019/3/20,6:00,3666,0,2851,748,,8,36,0,3,0,2,19
2019/3/20,7:00,3531,0,2773,499,,8,186,0,1,0,0,64
2019/3/20,8:00,3639,0,2456,434,,8,378,0,0,0,0,363
2019/3/20,9:00,3701,0,2155,474,,8,553,0,0,0,0,512
2019/3/20,10:00,3641,0,1955,480,,8,667,0,0,0,0,530
2019/3/20,11:00,3625,0,1959,482,,8,718,0,1,0,-58,515
2019/3/20,12:00,3366,0,1873,436,,8,721,0,1,0,-124,451
2019/3/20,13:00,3485,0,1949,458,,8,647,0,0,0,-62,485
2019/3/20,14:00,3471,0,1972,497,,8,510,0,0,0,0,483
2019/3/20,15:00,3449,0,2100,544,,8,308,0,0,0,0,489
2019/3/20,16:00,3461,0,2241,606,,8,125,0,0,0,0,481
2019/3/20,17:00,3420,0,2380,707,,8,30,0,0,0,0,295
2019/3/20,18:00,3466,0,2547,754,,8,1,0,5,0,0,152
2019/3/20,19:00,3382,0,2487,779,,8,0,0,12,0,0,96
2019/3/20,20:00,3284,0,2402,690,,8,0,0,18,0,0,166
2019/3/20,21:00,3177,0,2413,635,,8,0,0,24,0,0,97
2019/3/20,22:00,3141,0,2413,689,,8,0,0,25,0,0,7
2019/3/20,23:00,3093,0,2370,705,,8,0,0,22,0,0,-12
2019/3/21,0:00,3015,0,2504,601,,8,0,0,16,0,0,-113
2019/3/21,1:00,3148,0,2645,601,,8,0,0,16,0,0,-122
2019/3/21,2:00,3363,0,2779,743,,8,0,0,24,0,0,-191
2019/3/21,3:00,3453,0,2816,824,,8,0,0,31,0,0,-226
2019/3/21,4:00,3460,0,2813,841,,8,0,0,19,0,0,-222
2019/3/21,5:00,3323,0,2767,797,,8,0,0,29,0,0,-279
2019/3/21,6:00,3097,0,2620,825,,8,3,0,38,0,0,-397
2019/3/21,7:00,3041,0,2673,900,,8,10,0,45,0,35,-630
2019/3/21,8:00,3249,0,2787,959,,8,30,0,40,0,34,-609
2019/3/21,9:00,3405,0,2752,1035,,8,54,0,39,0,0,-483
2019/3/21,10:00,3395,0,2697,974,,8,82,0,54,0,0,-419
2019/3/21,11:00,3324,0,2641,908,,8,107,0,74,0,0,-414
2019/3/21,12:00,3096,0,2595,757,,8,189,0,78,0,0,-531
2019/3/21,13:00,3131,0,2424,803,,8,222,0,87,0,0,-412
2019/3/21,14:00,3143,0,2406,869,,8,143,0,95,0,0,-378
2019/3/21,15:00,3091,0,2324,943,,8,125,0,96,0,0,-403
2019/3/21,16:00,3116,0,2349,1011,,8,90,0,96,0,0,-436
2019/3/21,17:00,3141,0,2343,1134,,7,26,0,89,0,0,-458
2019/3/21,18:00,3233,0,2436,1171,,8,1,0,81,0,0,-464
2019/3/21,19:00,3147,0,2422,1118,,8,1,0,75,0,0,-476
2019/3/21,20:00,3057,0,2274,1102,,7,0,0,66,0,0,-392
2019/3/21,21:00,2953,0,2154,1080,,8,0,0,50,0,0,-338
2019/3/21,22:00,2967,0,2033,1123,,8,0,0,29,0,0,-225
2019/3/21,23:00,2937,0,1906,1107,,8,0,0,31,0,0,-114
2019/3/22,0:00,2895,0,1912,1090,,8,0,0,35,0,0,-150
2019/3/22,1:00,3019,0,2076,1053,,8,0,0,38,0,0,-156
2019/3/22,2:00,3269,0,2271,1134,,8,0,0,39,0,0,-183
2019/3/22,3:00,3399,0,2326,1194,,8,0,0,64,0,0,-193
2019/3/22,4:00,3397,0,2314,1188,,8,1,0,74,0,0,-188
2019/3/22,5:00,3316,0,2362,1208,,8,0,0,88,0,0,-350
2019/3/22,6:00,3229,0,2366,1217,,8,4,0,83,0,0,-448
2019/3/22,7:00,3248,0,2344,1229,,8,21,0,60,0,0,-413
2019/3/22,8:00,3615,0,2491,1226,,8,40,0,43,0,0,-193
2019/3/22,9:00,3812,0,2600,1181,,8,41,0,38,0,0,-56
2019/3/22,10:00,3845,0,2547,1140,,8,52,0,38,0,0,62
2019/3/22,11:00,3863,0,2536,1135,,8,87,0,47,0,0,51
2019/3/22,12:00,3652,0,2294,1104,,8,108,0,53,0,0,85
2019/3/22,13:00,3820,0,2474,1109,,8,132,0,61,0,0,36
2019/3/22,14:00,3810,0,2512,1075,,8,130,0,60,0,0,25
2019/3/22,15:00,3763,0,2490,1093,,8,108,0,46,0,0,19
2019/3/22,16:00,3763,0,2658,1095,,8,99,0,36,0,0,-133
2019/3/22,17:00,3724,0,2746,1141,,8,32,0,33,0,0,-237
2019/3/22,18:00,3776,0,2704,1183,,8,1,0,26,0,0,-145
2019/3/22,19:00,3654,0,2544,1232,,8,0,0,22,0,0,-152
2019/3/22,20:00,3562,0,2485,1258,,8,0,0,20,0,0,-209
2019/3/22,21:00,3443,0,2339,1178,,8,0,0,20,0,0,-101
2019/3/22,22:00,3390,0,2240,1262,,8,0,0,23,0,0,-142
2019/3/22,23:00,3355,0,2233,1234,,8,0,0,14,0,0,-134
2019/3/23,0:00,3252,0,2201,1196,,8,0,0,10,0,0,-163
2019/3/23,1:00,3341,0,2290,1198,,8,0,0,15,0,0,-170
2019/3/23,2:00,3541,0,2465,1181,,8,0,0,21,0,0,-134
2019/3/23,3:00,3643,0,2651,1086,,8,0,0,17,0,0,-120
2019/3/23,4:00,3603,0,2766,994,,8,0,0,22,0,0,-188
2019/3/23,5:00,3490,0,2732,976,,8,0,0,25,0,0,-251
2019/3/23,6:00,3342,0,2720,1002,,8,21,0,15,0,0,-424
2019/3/23,7:00,3195,0,2453,1178,,8,116,0,11,0,0,-571
2019/3/23,8:00,3281,0,2337,1189,,8,185,0,9,0,0,-448
2019/3/23,9:00,3407,0,2282,1119,,8,213,0,8,0,0,-224
2019/3/23,10:00,3382,0,2196,979,,8,240,0,9,0,0,-50
2019/3/23,11:00,3354,0,2252,807,,8,277,0,8,0,0,1
2019/3/23,12:00,3186,0,2064,735,,8,432,0,11,0,0,-63
2019/3/23,13:00,3141,0,1869,740,,8,537,0,14,0,0,-26
2019/3/23,14:00,3085,0,1853,778,,8,470,0,10,0,0,-34
2019/3/23,15:00,3041,0,2001,823,,8,315,0,8,0,0,-114
2019/3/23,16:00,3120,0,2364,923,,8,162,0,5,0,0,-342
2019/3/23,17:00,3200,0,2598,1083,,8,54,0,4,0,0,-547
2019/3/23,18:00,3358,0,2687,1122,,8,1,0,3,0,0,-463
2019/3/23,19:00,3340,0,2615,1051,,8,0,0,2,0,0,-336
2019/3/23,20:00,3292,0,2536,920,,8,0,0,0,0,0,-173
2019/3/23,21:00,3188,0,2565,881,,8,0,0,1,0,0,-267
2019/3/23,22:00,3158,0,2555,889,,8,0,0,9,0,0,-302
2019/3/23,23:00,3194,0,2499,858,,8,0,0,34,0,0,-205
2019/3/24,0:00,3136,0,2486,904,,8,0,0,58,0,0,-320
2019/3/24,1:00,3258,0,2604,969,,8,0,0,63,0,0,-386
2019/3/24,2:00,3489,0,2664,1035,,8,0,0,73,0,0,-290
2019/3/24,3:00,3531,0,2616,1053,,8,0,0,66,0,0,-212
2019/3/24,4:00,3460,0,2534,1050,,8,0,0,56,0,0,-188
2019/3/24,5:00,3311,0,2491,958,,8,0,0,47,0,0,-193
2019/3/24,6:00,3139,0,2447,857,,8,23,0,22,0,0,-219
2019/3/24,7:00,3015,0,2278,789,,8,103,0,15,0,0,-179
2019/3/24,8:00,3016,0,2104,806,,8,206,0,15,0,0,-123
2019/3/24,9:00,3043,0,1979,752,,8,347,0,22,0,0,-64
2019/3/24,10:00,2949,0,1775,780,,8,435,0,25,0,0,-74
2019/3/24,11:00,2910,0,1651,744,,8,552,0,17,0,0,-62
2019/3/24,12:00,2824,0,1651,694,,8,548,0,12,0,0,-89
2019/3/24,13:00,2800,0,1692,661,,8,519,0,11,0,0,-90
2019/3/24,14:00,2717,0,1705,651,,8,434,0,10,0,0,-92
2019/3/24,15:00,2676,0,1785,626,,8,355,0,10,0,0,-108
2019/3/24,16:00,2793,0,2091,796,,8,218,0,8,0,0,-328
2019/3/24,17:00,2937,0,2527,993,,8,62,0,3,0,0,-656
2019/3/24,18:00,3162,0,2739,1135,,8,1,0,3,0,0,-724
2019/3/24,19:00,3226,0,2770,1192,,8,0,0,3,0,0,-748
2019/3/24,20:00,3185,0,2863,935,,8,0,0,6,0,0,-627
2019/3/24,21:00,3122,0,2916,852,,8,0,0,12,0,0,-665
2019/3/24,22:00,3103,0,2870,745,,8,0,0,20,0,0,-540
2019/3/24,23:00,3146,0,2698,656,,8,0,0,27,0,0,-243
2019/3/25,0:00,3117,0,2538,658,,8,0,0,30,0,0,-116
2019/3/25,1:00,3204,0,2595,641,,8,0,0,27,0,0,-68
2019/3/25,2:00,3367,0,2730,734,,8,0,0,29,0,0,-134
2019/3/25,3:00,3465,0,2815,811,,8,0,0,28,0,0,-197
2019/3/25,4:00,3488,0,2823,818,,8,0,0,45,0,0,-206
2019/3/25,5:00,3442,0,2823,912,,8,0,0,61,0,0,-362
2019/3/25,6:00,3464,0,2819,920,,8,19,0,63,0,16,-381
2019/3/25,7:00,3475,0,2833,867,,8,82,0,62,0,49,-426
2019/3/25,8:00,3735,0,2871,1054,,8,235,0,43,0,0,-477
2019/3/25,9:00,3813,0,2864,883,,8,431,0,61,0,0,-435
2019/3/25,10:00,3760,0,2709,657,,8,563,0,68,0,0,-245
2019/3/25,11:00,3703,0,2516,624,,8,595,0,76,0,0,-117
2019/3/25,12:00,3443,0,2264,598,,8,619,0,77,0,0,-123
2019/3/25,13:00,3584,0,2449,585,,8,608,0,73,0,0,-140
2019/3/25,14:00,3546,0,2679,630,,8,463,0,73,0,0,-307
2019/3/25,15:00,3523,0,2728,705,,8,295,0,72,0,0,-284
2019/3/25,16:00,3550,0,2924,878,,8,146,0,65,0,26,-497
2019/3/25,17:00,3552,0,2916,968,,8,38,0,56,0,50,-483
2019/3/25,18:00,3636,0,2885,949,,8,1,0,52,0,49,-308
2019/3/25,19:00,3535,0,2843,910,,8,0,0,45,0,10,-282
2019/3/25,20:00,3466,0,2846,853,,8,0,0,43,0,0,-284
2019/3/25,21:00,3351,0,2816,707,,8,0,0,39,0,0,-218
2019/3/25,22:00,3306,0,2686,672,,8,0,0,30,0,0,-91
2019/3/25,23:00,3266,0,2645,639,,8,0,0,31,0,0,-58
2019/3/26,0:00,3183,0,2568,659,,8,0,0,28,0,0,-79
2019/3/26,1:00,3310,0,2634,641,,8,0,0,23,0,0,5
2019/3/26,2:00,3528,0,2735,838,,8,0,0,18,0,0,-70
2019/3/26,3:00,3675,0,2734,962,,8,0,0,18,0,0,-47
2019/3/26,4:00,3698,0,2707,948,,8,0,0,21,0,0,14
2019/3/26,5:00,3661,0,2778,876,,8,1,0,22,0,0,-23
2019/3/26,6:00,3638,0,2797,906,,8,40,0,27,0,0,-140
2019/3/26,7:00,3523,0,2628,704,,8,168,0,27,0,0,-13
2019/3/26,8:00,3648,0,2389,709,,8,380,0,26,0,0,136
2019/3/26,9:00,3708,0,2314,645,,8,548,0,24,0,0,170
2019/3/26,10:00,3656,0,2117,584,,8,634,0,25,0,0,288
2019/3/26,11:00,3620,0,1949,539,,8,633,0,27,0,0,465
2019/3/26,12:00,3365,0,1799,539,,8,589,0,31,0,0,399
2019/3/26,13:00,3536,0,2008,527,,8,518,0,34,0,0,440
2019/3/26,14:00,3530,0,2142,545,,8,362,0,28,0,0,445
2019/3/26,15:00,3485,0,2209,556,,8,249,0,29,0,0,434
2019/3/26,16:00,3498,0,2357,829,,8,127,0,35,0,0,142
2019/3/26,17:00,3498,0,2642,788,,8,33,0,20,0,50,-44
2019/3/26,18:00,3566,0,2722,857,,8,1,0,24,0,50,-96
2019/3/26,19:00,3496,0,2652,914,,9,0,0,36,0,49,-163
2019/3/26,20:00,3420,0,2511,891,,8,0,0,37,0,50,-77
2019/3/26,21:00,3294,0,2395,837,,8,0,0,27,0,1,26
2019/3/26,22:00,3264,0,2315,693,,8,0,0,12,0,0,236
2019/3/26,23:00,3250,0,2294,683,,8,0,0,5,0,0,261
2019/3/27,0:00,3149,0,2243,752,,8,0,0,1,0,0,145
2019/3/27,1:00,3276,0,2321,852,,8,0,0,1,0,0,94
2019/3/27,2:00,3523,0,2464,917,,8,0,0,4,0,1,129
2019/3/27,3:00,3649,0,2499,961,,8,0,0,8,0,49,124
2019/3/27,4:00,3720,0,2534,1013,,8,0,0,17,0,49,100
2019/3/27,5:00,3659,0,2513,928,,8,1,0,17,0,50,143
2019/3/27,6:00,3588,0,2437,855,,8,41,0,19,0,49,179
2019/3/27,7:00,3479,0,2302,800,,8,179,0,17,0,2,171
2019/3/27,8:00,3604,0,2098,746,,8,374,0,22,0,0,357
2019/3/27,9:00,3701,0,1960,710,,8,537,0,29,0,0,457
2019/3/27,10:00,3629,0,1829,692,,8,615,0,28,0,0,459
2019/3/27,11:00,3598,0,1853,678,,8,574,0,39,0,0,446
2019/3/27,12:00,3356,0,1851,570,,8,477,0,67,0,0,382
2019/3/27,13:00,3473,0,2015,572,,8,439,0,84,0,0,356
2019/3/27,14:00,3475,0,1967,573,,8,421,0,85,0,0,421
2019/3/27,15:00,3452,0,2080,609,,8,266,0,86,0,0,403
2019/3/27,16:00,3473,0,2329,798,,8,85,0,86,0,0,167
2019/3/27,17:00,3461,0,2431,878,,8,17,0,85,0,0,42
2019/3/27,18:00,3471,0,2600,898,,8,1,0,73,0,0,-108
2019/3/27,19:00,3369,0,2539,985,,8,0,0,65,0,0,-228
2019/3/27,20:00,3296,0,2487,927,,8,0,0,52,0,0,-178
2019/3/27,21:00,3161,0,2434,826,,8,0,0,46,0,0,-154
2019/3/27,22:00,3103,0,2405,775,,8,0,0,63,0,0,-147
2019/3/27,23:00,3063,0,2363,704,,8,0,0,51,0,0,-63
2019/3/28,0:00,2963,0,2475,621,,8,0,0,55,0,0,-195
2019/3/28,1:00,3072,0,2410,782,,8,0,0,62,0,0,-191
2019/3/28,2:00,3315,0,2624,838,,8,0,0,45,0,0,-199
2019/3/28,3:00,3497,0,2748,914,,8,0,0,27,0,0,-200
2019/3/28,4:00,3539,0,2799,916,,8,1,0,16,0,0,-201
2019/3/28,5:00,3482,0,2770,896,,8,1,0,9,0,0,-201
2019/3/28,6:00,3414,0,2757,838,,8,6,0,4,0,0,-198
2019/3/28,7:00,3420,0,2721,840,,8,46,0,2,0,0,-197
2019/3/28,8:00,3716,0,2769,934,,8,126,0,3,0,0,-124
2019/3/28,9:00,3879,0,2768,1003,,8,232,0,5,0,0,-137
2019/3/28,10:00,3787,0,2616,1016,,8,323,0,8,0,0,-183
2019/3/28,11:00,3744,0,2520,937,,8,395,0,10,0,0,-125
2019/3/28,12:00,3497,0,2489,724,,8,473,0,12,0,0,-209
2019/3/28,13:00,3645,0,2466,833,,8,491,0,15,0,0,-168
2019/3/28,14:00,3586,0,2402,899,,8,396,0,14,0,0,-133
2019/3/28,15:00,3551,0,2367,883,,8,305,0,14,0,0,-26
2019/3/28,16:00,3593,0,2666,932,,8,151,0,12,0,0,-177
2019/3/28,17:00,3596,0,2768,1026,,8,50,0,8,0,0,-263
2019/3/28,18:00,3671,0,2908,1048,,8,2,0,6,0,0,-301
2019/3/28,19:00,3632,0,2922,990,,8,0,0,9,0,0,-297
2019/3/28,20:00,3578,0,2916,971,,8,0,0,8,0,0,-325
2019/3/28,21:00,3464,0,2917,966,,8,0,0,5,0,0,-433
2019/3/28,22:00,3404,0,2855,778,,8,0,0,3,0,0,-240
2019/3/28,23:00,3389,0,2601,666,,8,0,0,4,0,0,110
2019/3/29,0:00,3319,0,2606,666,,8,0,0,4,0,0,35
2019/3/29,1:00,3435,0,2599,740,,8,0,0,3,0,0,86
2019/3/29,2:00,3639,0,2824,900,,8,0,0,1,0,0,-94
2019/3/29,3:00,3742,0,2891,1114,,8,0,0,1,0,0,-272
2019/3/29,4:00,3757,0,2894,1202,,8,0,0,1,0,0,-348
2019/3/29,5:00,3675,0,2895,1097,,8,1,0,2,0,0,-328
2019/3/29,6:00,3668,0,2891,997,,8,39,0,2,0,0,-269
2019/3/29,7:00,3604,0,2910,868,,8,149,0,2,0,0,-332
2019/3/29,8:00,3759,0,2713,840,,8,323,0,2,0,0,-126
2019/3/29,9:00,3793,0,2527,777,,8,514,0,4,0,0,-35
2019/3/29,10:00,3724,0,2233,675,,8,573,0,9,0,0,227
2019/3/29,11:00,3678,0,2021,636,,8,602,0,9,0,0,403
2019/3/29,12:00,3470,0,1904,649,,8,483,0,9,0,0,417
2019/3/29,13:00,3611,0,2119,653,,8,361,0,8,0,0,461
2019/3/29,14:00,3564,0,2113,640,,8,356,0,14,0,0,433
2019/3/29,15:00,3508,0,2135,640,,8,273,0,12,0,0,441
2019/3/29,16:00,3525,0,2392,782,,8,154,0,18,0,0,171
2019/3/29,17:00,3514,0,2438,884,,8,44,0,16,0,50,75
2019/3/29,18:00,3595,0,2506,948,,8,2,0,18,0,89,24
2019/3/29,19:00,3549,0,2497,943,,8,0,0,29,0,88,-17
2019/3/29,20:00,3473,0,2516,912,,8,0,0,36,0,44,-44
2019/3/29,21:00,3355,0,2482,895,,8,0,0,39,0,0,-69
2019/3/29,22:00,3297,0,2306,950,,8,0,0,33,0,0,0
2019/3/29,23:00,3256,0,2296,938,,8,0,0,38,0,0,-24
2019/3/30,0:00,3155,0,2287,731,,8,0,0,45,0,0,85
2019/3/30,1:00,3257,0,2264,711,,8,0,0,46,0,0,228
2019/3/30,2:00,3472,0,2213,947,,8,0,0,45,0,0,259
2019/3/30,3:00,3588,0,2209,1051,,8,0,0,42,0,26,252
2019/3/30,4:00,3598,0,2202,1033,,8,0,0,50,0,49,256
2019/3/30,5:00,3443,0,2203,930,,8,1,0,56,0,3,242
2019/3/30,6:00,3272,0,2205,830,,8,21,0,63,0,0,145
2019/3/30,7:00,3135,0,2208,761,,8,60,0,70,0,0,28
2019/3/30,8:00,3188,0,2078,782,,8,174,0,73,0,0,74
2019/3/30,9:00,3242,0,2033,915,,8,205,0,74,0,0,7
2019/3/30,10:00,3216,0,1947,835,,8,198,0,63,0,0,166
2019/3/30,11:00,3187,0,1986,813,,8,219,0,57,0,0,104
2019/3/30,12:00,3112,0,2068,805,,8,174,0,51,0,0,7
2019/3/30,13:00,3139,0,2236,708,,8,150,0,28,0,0,10
2019/3/30,14:00,3189,0,2323,801,,8,37,0,31,0,0,-10
2019/3/30,15:00,3180,0,2318,791,,8,35,0,69,0,0,-41
2019/3/30,16:00,3175,0,2307,823,,8,28,0,79,0,0,-70
2019/3/30,17:00,3182,0,2303,850,,8,8,0,75,0,0,-62
2019/3/30,18:00,3190,0,2298,909,,8,1,0,76,0,0,-102
2019/3/30,19:00,3125,0,2234,967,,8,0,0,67,0,0,-151
2019/3/30,20:00,3062,0,2205,931,,8,0,0,47,0,0,-128
2019/3/30,21:00,2920,0,2180,862,,8,0,0,31,0,0,-160
2019/3/30,22:00,2878,0,2041,967,,8,0,0,24,0,0,-162
2019/3/30,23:00,2883,0,2038,977,,8,0,0,20,0,0,-159
2019/3/31,0:00,2757,0,1915,982,,8,0,0,15,0,0,-163
2019/3/31,1:00,2871,0,2086,938,,8,0,0,13,0,0,-174
2019/3/31,2:00,3095,0,2268,945,,8,0,0,31,0,0,-157
2019/3/31,3:00,3263,0,2341,1211,,8,0,0,45,0,0,-341
2019/3/31,4:00,3247,0,2294,1255,,8,0,0,72,0,0,-382
2019/3/31,5:00,3110,0,2279,992,,8,0,0,73,0,0,-242
2019/3/31,6:00,2860,0,2030,954,,8,23,0,82,0,0,-237
2019/3/31,7:00,2724,0,1881,806,,8,105,0,83,0,0,-157
2019/3/31,8:00,2769,0,1685,902,,8,193,0,83,0,0,-102
2019/3/31,9:00,2835,0,1521,1001,,8,323,0,73,0,0,-91
2019/3/31,10:00,2880,0,1479,899,,8,479,0,75,0,0,-59
2019/3/31,11:00,2879,0,1631,785,,8,433,0,89,0,0,-67
2019/3/31,12:00,2781,0,1667,672,,8,433,0,83,0,0,-81
2019/3/31,13:00,2751,0,1592,835,,8,314,0,79,0,0,-77
2019/3/31,14:00,2743,0,1736,720,,8,278,0,82,0,0,-80
2019/3/31,15:00,2760,0,1770,744,,8,257,0,70,0,0,-89
2019/3/31,16:00,2837,0,1879,921,,8,130,0,61,0,0,-162
2019/3/31,17:00,3018,0,2319,996,,8,38,0,64,0,0,-406
2019/3/31,18:00,3177,0,2653,976,,8,2,0,61,0,0,-522
2019/3/31,19:00,3166,0,2648,974,,8,0,0,51,0,0,-516
2019/3/31,20:00,3103,0,2591,981,,8,0,0,42,0,0,-519
2019/3/31,21:00,3000,0,2428,909,,8,0,0,52,0,0,-397
2019/3/31,22:00,2950,0,2306,945,,8,0,0,44,0,0,-353
2019/3/31,23:00,2944,0,2225,939,,8,0,0,33,0,0,-261
