date,total,manufac,home,manu/tot,hokkaido,touhoku,tokyo,cyubu,hokuriku,kansai,cyugoku,shikoku,kyushu,okinawa
1/1/1989,51644033,17795609,33848424,0.344582,1587979,4296497,17247927,7943980,1729736,9329718,3369884,1573109,4259059,306144
2/1/1989,47947215,17531314,30415901,0.365638,1609031,3863413,16012571,7352864,1550767,8692023,3139097,1519315,3915719,292415
3/1/1989,48573850,19163583,29410267,0.394525,1521358,4183834,15827922,7592760,1620815,8899044,3145131,1496695,4017998,268293
4/1/1989,48788188,18542427,30245761,0.38006,1553419,3924590,16340496,7571112,1619142,8941374,3219856,1453791,3869017,295391
5/1/1989,46276002,18451992,27824010,0.398738,1478413,3891051,15276117,7073921,1571950,8401380,2978605,1437151,3849285,318129
6/1/1989,46613542,19596745,27016797,0.420409,1475190,3946162,15379536,7141599,1582569,8433730,2915168,1478401,3893575,367612
7/1/1989,51225641,20209882,31015759,0.394527,1506323,3948859,16983719,7882726,1684817,9646614,3255499,1561602,4295519,459963
8/1/1989,55956119,19586570,36369549,0.350034,1640771,4524424,18172099,8075286,1820782,10805938,3594460,1773889,5056689,491781
9/1/1989,57441707,20146647,37295060,0.350732,1692625,4187866,19561801,8913633,1722061,10718209,3717759,1677966,4775515,474272
10/1/1989,50362760,20047666,30315094,0.398065,1585467,4072553,16718961,7710706,1645642,9060485,3263430,1503811,4362734,438971
11/1/1989,48737690,19717917,29019773,0.404572,1598218,3974160,16371682,7529603,1618318,8727530,3130100,1480454,3951978,355647
12/1/1989,50427107,19690072,30737035,0.390466,1619979,4196668,16806274,7667928,1700301,9130624,3279744,1545461,4155335,324793
1/1/1990,54942825,18811428,36131397,0.342382,1698775,4567363,18557259,8380278,1854452,9909926,3467139,1684472,4509277,313884
2/1/1990,52100709,18542857,33557852,0.355904,1749078,4220044,17658404,7899871,1652142,9403337,3419366,1624080,4168635,305752
3/1/1990,50424779,19985404,30439375,0.396341,1646582,4315192,16625806,7820840,1683670,9126148,3256906,1527427,4125821,296387
4/1/1990,50132296,19382693,30749603,0.386631,1623194,4000331,16922370,7746514,1631413,9075956,3262678,1520676,4038901,310263
5/1/1990,50340032,19640288,30699744,0.390152,1569784,4231104,16901728,7699296,1619831,9101912,3163998,1547593,4169473,335313
6/1/1990,50330967,21085788,29245179,0.418943,1594729,4146658,16947180,7603432,1673775,9037982,3180004,1591059,4156356,399792
7/1/1990,56756870,21751765,35005105,0.383245,1645714,4396520,18681394,8562597,1848764,10695097,3581868,1780715,5067524,496677
8/1/1990,63496026,20839817,42656209,0.328207,1732253,4706896,20743237,9150838,1964949,12622070,4178955,2020789,5832654,543385
9/1/1990,62249233,21311005,40938228,0.34235,1796213,4507248,21155324,9420179,1857606,11669787,4161420,1793822,5375917,511717
10/1/1990,53737227,21579147,32158080,0.401568,1696632,4514925,17998840,8088680,1728128,9554590,3463479,1627296,4615961,448696
11/1/1990,51317422,20662067,30655355,0.402633,1685352,4166935,17023960,7927516,1676781,9265935,3388012,1539065,4270213,373653
12/1/1990,52515810,20638779,31877031,0.393001,1706184,4353425,17592702,7943616,1740223,9407714,3478626,1594140,4361468,337712
1/1/1991,58027569,19956372,38071197,0.343912,1780677,4949537,19393041,8816161,1923767,10363350,3790552,1784724,4890254,335506
2/1/1991,55218641,19973336,35245305,0.361714,1859540,4578077,18480032,8419628,1776830,9923293,3646242,1715793,4498517,320689
3/1/1991,54811116,21279792,33531324,0.388239,1764643,4693005,18102471,8416723,1806799,9867715,3615376,1715568,4517238,311578
4/1/1991,53373762,20679239,32694523,0.387442,1790374,4497558,18057206,8086820,1690545,9379132,3518730,1619476,4391300,342621
5/1/1991,52557861,20701901,31855960,0.393888,1653440,4472282,17079547,8152279,1706777,9619938,3417215,1589539,4492841,374003
6/1/1991,53224382,21938422,31285960,0.412187,1673298,4289192,18139407,7990312,1731510,9472742,3497893,1601822,4361999,466207
7/1/1991,58971993,22676648,36295345,0.384533,1718510,4692887,19873010,8961709,1893224,10848446,3671425,1843182,4933054,536546
8/1/1991,63689467,20884295,42805172,0.327908,1798549,4536786,21066344,9321516,1890256,12509973,4230787,1974740,5789327,571189
9/1/1991,61657477,21614601,40042876,0.350559,1820440,4630619,20467688,9529465,1840330,11556520,4061773,1817334,5391296,542012
10/1/1991,55074008,21834933,33239075,0.396465,1771005,4737247,18114389,8441499,1753101,9831920,3640603,1625532,4682894,475818
11/1/1991,54461314,20895449,33565865,0.383675,1748999,4411965,18784575,8300932,1776081,9505246,3524765,1556187,4465522,387042
12/1/1991,53093799,20531583,32562216,0.386704,1772622,4421786,17659416,8080730,1780178,9407499,3587267,1614377,4426953,342971
1/1/1992,60124949,19726128,40398821,0.328086,1866559,5137015,20325682,9039670,1945172,10713846,3874926,1801169,5069130,351780
2/1/1992,57490912,19944354,37546558,0.346913,1940349,4763215,19504191,8748877,1855325,10110562,3804125,1746490,4679444,338334
3/1/1992,55517101,20731579,34785522,0.373427,1835125,4636731,18559047,8486474,1848050,9793447,3668483,1758067,4587817,343860
4/1/1992,54977277,20062792,34914485,0.364929,1824040,4793740,18514421,8280468,1750495,9639330,3611200,1627920,4578557,357106
5/1/1992,52933077,19959386,32973691,0.377068,1742787,4339297,17792680,7922045,1697201,9503503,3432372,1531613,4597934,373645
6/1/1992,52484321,21311223,31173098,0.406049,1679558,4509196,17503620,7977247,1725657,9216012,3434902,1569122,4443652,425355
7/1/1992,57161608,22044414,35117194,0.385651,1740928,4718938,18834208,8834000,1907566,10264302,3719646,1745581,4898319,498120
8/1/1992,64752834,20463775,44289059,0.316029,1834098,4808073,21884595,9493128,1946885,12305040,4259298,1955841,5696164,569712
9/1/1992,62722993,21497804,41225189,0.342742,1884365,4751735,21073060,9456017,1931004,11589387,4063915,1852026,5573124,548360
10/1/1992,55322059,21337306,33984753,0.385693,1791224,4632197,18125609,8395786,1791616,9866676,3687270,1637638,4889679,504364
11/1/1992,54577977,20586904,33991073,0.377202,1834301,4520192,18541144,8276285,1766366,9524177,3582989,1561580,4550391,420552
12/1/1992,54543020,20276397,34266623,0.371751,1803414,4643454,18323770,8106984,1829595,9595250,3617845,1679674,4583901,359133
1/1/1993,61029094,19433557,41595537,0.318431,1930550,5267843,20675620,9079570,1953324,10770072,3963874,1789807,5234315,364119
2/1/1993,57912557,19434699,38477858,0.335587,1980878,4794408,19789360,8681838,1798153,10146790,3824020,1749920,4792799,354391
3/1/1993,57293633,21109742,36183891,0.368448,1863775,4894042,18994364,8735933,1907457,10141530,3806798,1759765,4854422,335547
4/1/1993,57642485,20153357,37489128,0.349627,1876704,5007593,19066036,8834508,1826519,10242370,3881241,1699555,4847503,360456
5/1/1993,53836193,19949028,33887165,0.37055,1780321,4522059,18056578,8027352,1700361,9460772,3590802,1609869,4689638,398441
6/1/1993,54118729,21347937,32770792,0.394465,1697253,4540809,18314766,8094681,1713464,9487638,3571958,1645121,4579632,473407
7/1/1993,57703885,21324580,36379305,0.369552,1720660,4649907,19064136,8616071,1808462,10567565,3769084,1785123,5168612,554265
8/1/1993,60296876,19786866,40510010,0.328157,1820003,4650165,19776682,8687617,1792918,11580175,3998203,1891207,5487447,612459
9/1/1993,60874490,20779649,40094841,0.341352,1857366,4709002,20569172,9203626,1753094,11097147,3962830,1768342,5366380,587531
10/1/1993,55327358,20596928,34730430,0.372274,1822425,4617176,18540322,8241925,1710968,9795150,3671157,1639256,4763803,525176
11/1/1993,53844976,20086314,33758662,0.37304,1827647,4618061,18121610,8036189,1719604,9343556,3534770,1577127,4615484,450928
12/1/1993,56350584,19747094,36603490,0.350433,1853620,4883344,19053663,8198471,1816029,9928588,3762138,1714030,4753482,387219
1/1/1994,61845199,18984475,42860724,0.306968,2041659,5342160,20995431,9059396,1976860,10868861,3994744,1860001,5323974,382113
2/1/1994,60037350,19065404,40971946,0.317559,2043896,5097645,20511615,8946878,1857195,10541406,3895220,1788516,4987907,367072
3/1/1994,58699745,20625201,38074544,0.351368,1926216,4952122,19594753,8920794,1932571,10386564,3868780,1801954,4969546,346445
4/1/1994,58388440,19740741,38647699,0.338093,1979070,4978888,19659446,8851605,1777416,10271853,3848160,1691754,4958009,372239
5/1/1994,53652622,19732267,33920355,0.367778,1823660,4657755,17638908,8000214,1726762,9518696,3490861,1620316,4748911,426539
6/1/1994,56256378,21488334,34768044,0.381972,1746034,4833130,19107268,8325990,1759088,9840081,3643245,1682389,4853277,465876
7/1/1994,65445176,22554123,42891053,0.344626,1810591,4990869,22065549,9666392,2012320,12249726,4261441,2012420,5800025,575843
8/1/1994,73563599,21309747,52253852,0.289678,1969182,5761731,24868063,10464322,2216457,13836826,4818373,2225111,6759178,644356
9/1/1994,70188434,21955136,48233298,0.312803,2045428,5423693,23370050,10430755,2058752,13082531,4723848,2066379,6368668,618330
10/1/1994,59579368,21703848,37875520,0.364285,1944322,4973224,19958318,8918751,1811690,10642247,3978755,1705190,5139617,507254
11/1/1994,56285859,21175373,35110486,0.376211,1887390,4898877,18975470,8406953,1795110,9718057,3773764,1617987,4773991,438260
12/1/1994,58691715,20920945,37770770,0.356455,1940195,5182423,19929987,8716008,1903998,10237270,3840073,1696402,4837773,407586
1/1/1995,64378422,19804881,44573541,0.307632,2123202,5763557,21709429,9560854,2076587,10987720,4194910,1958373,5602594,401196
2/1/1995,62161788,20203513,41958275,0.325015,2160861,5414584,20924901,9346463,1924408,10786846,4151370,1822878,5243199,386278
3/1/1995,61505191,21844380,39660811,0.355163,2015248,5163273,20647659,9428266,1984872,10761781,4078548,1826165,5237019,362360
4/1/1995,60842461,20755399,40087062,0.341133,2045604,5239075,20802932,9174881,1863672,10495842,4054186,1719310,5057031,389928
5/1/1995,56117630,20560883,35556747,0.366389,1873100,4909443,18471778,8393321,1804727,9815661,3686182,1703772,5019409,440237
6/1/1995,56690833,21628827,35062006,0.381522,1868979,4938114,19161068,8433250,1778577,9747824,3685635,1699061,4887102,491223
7/1/1995,62741709,22333969,40407740,0.355967,1874055,5060170,21059978,9376976,1942622,11313764,4005530,1929592,5602592,576430
8/1/1995,72962417,21643095,51319322,0.296633,2022176,5627807,24560572,10446708,2178947,13820544,4657488,2273587,6755226,619362
9/1/1995,70445972,21504475,48941497,0.305262,2045209,5299653,24125505,10422891,1969053,12707160,4643782,2044917,6535726,652076
10/1/1995,58954455,21649395,37305060,0.367222,1968432,5041218,19651200,8739244,1847182,10323776,3827507,1723555,5249972,582369
11/1/1995,58436487,20981798,37454689,0.359053,1978746,5012310,19575524,8798733,1858148,10110035,3820510,1688531,5097387,496563
12/1/1995,61681846,21032313,40649533,0.340981,2023927,5387601,20724667,9146832,2012315,10813069,4017491,1824393,5326651,404900
1/1/1996,67643571,20115744,47527827,0.297379,2207720,5914860,22725357,10066769,2132544,11798429,4357530,2065905,5955459,418998
2/1/1996,65796939,20936612,44860327,0.3182,2300858,5837992,21925515,9813946,2030663,11502020,4365504,1969146,5657279,394016
3/1/1996,64660970,21594336,43066634,0.333962,2235791,5531659,21567074,9792063,2042807,11367932,4279475,1924245,5531589,388335
4/1/1996,61941388,20769370,41172018,0.335307,2158097,5570886,20892378,9148339,1946450,10598126,4034722,1840952,5340306,411132
5/1/1996,59698809,20908455,38790354,0.350232,2059085,5201527,19511464,9101779,1872432,10611835,3836397,1818763,5275242,410285
6/1/1996,59522560,22062075,37460485,0.370651,1938922,5091114,20207395,8771507,1857197,10301645,3897674,1784477,5193079,479550
7/1/1996,65299634,23192743,42106891,0.355174,1938740,5334173,22022451,9637152,2085887,11571194,4093660,2057003,5937657,621717
8/1/1996,74780223,21580277,53199946,0.288583,2129347,5676560,24431141,10888710,2249980,14261048,5053989,2332323,7073304,683821
9/1/1996,67881013,22021025,45859988,0.324406,2129338,5446893,22385372,10108178,1981638,12263616,4514265,1981251,6423440,647022
10/1/1996,60902900,22330603,38572297,0.366659,2078235,5364142,19835917,9139092,1921440,10526518,4052195,1788589,5619539,577233
11/1/1996,61479896,21695032,39784864,0.35288,2150167,5371307,20705301,9224819,1927507,10568937,3959138,1774314,5286806,511600
12/1/1996,62712358,21566491,41145867,0.343895,2179691,5418915,20994951,9292056,2021976,10878921,4146656,1898050,5437367,443775
1/1/1997,69428826,20988114,48440712,0.302297,2464193,6149593,22914293,10405116,2187924,12051311,4500443,2139398,6191321,425234
2/1/1997,67265550,20872736,46392814,0.310304,2323339,5880994,22508275,10143811,2070584,11692409,4477554,1999996,5753320,415268
3/1/1997,63688665,22254281,41434384,0.349423,2253212,5628606,21016718,9719888,2028479,11053358,4227605,1920232,5461389,379178
4/1/1997,62251901,21569016,40682885,0.34648,2250632,5562050,20866510,9204161,1962549,10629825,4149151,1850111,5346932,429980
5/1/1997,61225978,21972583,39253395,0.358877,2141746,5383177,20200701,9209065,1931704,10766594,3957334,1845216,5324484,465957
6/1/1997,61177570,23032189,38145381,0.376481,1997916,5230079,20452447,9123225,1947806,10591645,4049968,1841948,5402702,539834
7/1/1997,69920714,23993429,45927285,0.343152,2094225,5748727,24113343,10231104,2155866,12258733,4357617,2105640,6271969,583490
8/1/1997,74861924,22330000,52531924,0.298282,2258493,6190049,25297066,10716905,2229674,13484291,4847624,2233555,6936983,667284
9/1/1997,71984824,23050204,48934620,0.320209,2190395,5718621,23928442,10794694,2115055,13109273,4690788,2139782,6662550,635224
10/1/1997,63584224,22857827,40726397,0.359489,2164879,5494816,20860701,9636647,1976395,11077520,4205427,1902381,5702069,563389
11/1/1997,61819656,21839921,39979735,0.353284,2187282,5512349,20460516,9345027,1932900,10566226,4100799,1816876,5403619,494062
12/1/1997,62353308,21589488,40763820,0.346244,2112820,5729822,21036491,9079539,2009128,10595573,4054603,1941187,5342669,451476
1/1/1998,70357820,20981123,49376697,0.298206,2520035,6358324,23437023,10454203,2197280,12056326,4539398,2146344,6204154,444733
2/1/1998,68205507,20512613,47692894,0.300747,2492120,5982194,23224509,10130748,2034897,11579505,4481708,1998951,5834303,446572
3/1/1998,63707469,21593258,42114211,0.338944,2276898,5666496,21498617,9562720,1994155,10731718,4158958,1949947,5463919,404041
4/1/1998,64285698,21154412,43131286,0.329069,2295480,5771297,21920449,9521059,1914714,10793804,4120435,1907146,5599935,441379
5/1/1998,61529281,21265827,40263454,0.345621,2103374,5447995,20531288,9163153,1896431,10614227,3882096,1883974,5498099,508644
6/1/1998,61533785,22214514,39319271,0.361013,2004351,5340628,20605166,9130957,1870327,10609256,3938374,1909041,5540393,585292
7/1/1998,70324434,23000030,47324404,0.327056,2088869,5623123,23674208,10331284,2101094,12677357,4426597,2277213,6465935,658754
8/1/1998,75068681,21383902,53684779,0.284858,2247691,5819536,24424171,10856608,2105207,13994349,5046128,2451310,7387431,736250
9/1/1998,73124794,22346668,50778126,0.305596,2218755,5882061,24365522,10902035,2051905,13112048,4779093,2232004,6880894,700477
10/1/1998,65880323,22186885,43693438,0.336776,2217547,5565195,21802776,9786747,1951467,11518046,4323893,1974456,6096224,643972
11/1/1998,61953944,20846949,41106995,0.336491,2244312,5511922,20589299,9281116,1856444,10568665,3992177,1837936,5496036,576037
12/1/1998,63164065,20751494,42412571,0.328533,2252845,5859488,21412973,9193752,1970483,10591712,4066341,1932578,5416325,467568
1/1/1999,69603824,19873276,49730548,0.28552,2540916,6309638,23252510,10255797,2156752,11847488,4441257,2161731,6184068,453667
2/1/1999,67229277,19938716,47290561,0.296578,2495919,6063355,22648029,9978137,2046007,11416602,4375310,2002806,5774100,429012
3/1/1999,65273260,21138527,44134733,0.323847,2353010,5863208,21820951,9767550,2049261,11074245,4220121,2025248,5685218,414448
4/1/1999,65106459,20352165,44754294,0.312598,2362459,5895647,21876979,9594970,1920787,11049296,4269780,1958153,5716351,462037
5/1/1999,60410066,20507523,39902543,0.339472,2168878,5491153,19926680,8888475,1868300,10313001,3888648,1900141,5494762,470028
6/1/1999,62278457,22075800,40202657,0.354469,2022004,5429468,21265887,9135459,1887924,10603235,3939018,1890791,5571315,533356
7/1/1999,68079935,22663183,45416752,0.332891,2157476,5682359,23072015,10055623,2040991,11913170,4295818,2101811,6096659,664013
8/1/1999,76503243,21932953,54570290,0.286693,2398537,6592632,26102411,10793645,2315410,13735475,4814663,2300497,6762461,687512
9/1/1999,77352105,22967658,54384447,0.296924,2365906,6251288,26849937,11291431,2165349,13561831,4909935,2304364,6961734,690330
10/1/1999,68478774,22405211,46073563,0.327185,2260874,5762363,22650992,10131638,1979245,12061529,4486506,2053494,6445680,646453
11/1/1999,62349543,21533486,40816057,0.345367,2252018,5583276,20796435,9248094,1943508,10384636,4090527,1909078,5577909,564062
12/1/1999,65008190,21501439,43506751,0.33075,2343219,5959057,21569361,9524268,2101869,10945081,4287133,2026725,5775920,475557
1/1/2000,71485043,20388097,51096946,0.285208,2634488,6515189,23633197,10456499,2240505,12091286,4674384,2246832,6518197,474466
2/1/2000,69785582,21222791,48562791,0.304114,2583444,6285301,23381542,10303707,2165421,11774509,4616043,2171385,6058188,446042
3/1/2000,70082917,22179799,47903118,0.316479,2520796,6356764,23100447,10604438,2223691,11969956,4641150,2137001,6084770,443904
4/1/2000,66252391,21072879,45179512,0.31807,2427157,6029007,21774007,9928905,2002826,11274937,4433625,1963010,5954356,464561
5/1/2000,62015534,21476420,40539114,0.346307,2273981,5774129,20349205,9098246,1958018,10561381,4013230,1934491,5595338,457515
6/1/2000,64571155,23011078,41560077,0.356368,2117640,5567131,22185779,9455744,1981022,10842061,4182677,1996240,5687837,555024
7/1/2000,72722538,23843222,48879316,0.327866,2219251,6039020,24289394,10725963,2229682,12886106,4688041,2298829,6672786,673466
8/1/2000,80076179,23018824,57057355,0.287462,2381079,6711048,27085005,11346066,2453908,14385499,5110944,2494423,7411276,696931
9/1/2000,79169371,23304734,55864637,0.294366,2474421,6534776,26759083,11620059,2253140,13850698,5249821,2349509,7389402,688462
10/1/2000,66262272,22982943,43279329,0.346848,2282183,5803061,21771690,9930112,2009569,11373329,4374025,2036459,6074180,607664
11/1/2000,65079938,22141278,42938660,0.340217,2372939,5919958,22064595,9559758,1983980,10728667,4143039,1913237,5789526,604239
12/1/2000,66992441,22065168,44927273,0.329368,2477349,6253636,22580156,9726633,2128141,11078340,4363814,2045243,5834577,504552
1/1/2001,74219553,21164258,53055295,0.285157,2813316,6924613,24630047,10770614,2339750,12507137,4767060,2362504,6621815,482697
2/1/2001,72250421,20860482,51389939,0.288725,2728960,6621427,24448595,10699404,2186705,11988488,4698746,2170222,6256333,451541
3/1/2001,68311631,22104456,46207175,0.323583,2543088,6335990,22713590,10175391,2165580,11375268,4477859,2122150,5963594,439121
4/1/2001,65090968,20980021,44110947,0.322318,2453316,5992557,21444237,9676069,1988891,10948287,4308487,1981024,5832504,465596
5/1/2001,62944010,21260670,41683340,0.337771,2314531,5712859,20894341,9142455,1976759,10727258,4016885,2002110,5670187,486625
6/1/2001,64684425,22471890,42212535,0.347408,2124874,5620622,22193025,9534828,1943342,10751092,4170396,2014715,5759434,572097
7/1/2001,73677087,23562208,50114879,0.319804,2202750,6010269,25092807,10837994,2218626,12896069,4546903,2367854,6783265,720550
8/1/2001,81218159,21982636,59235523,0.270662,2383791,6439841,26959839,11577803,2384419,14812340,5315551,2597225,7961652,785698
9/1/2001,72709080,21902635,50806445,0.301237,2347624,5979253,24059615,10812306,2046837,12603370,4860684,2246595,6991456,761340
10/1/2001,64879432,21900622,42978810,0.337559,2297885,5712946,21683347,9604273,1943714,10827108,4177375,1995009,5990464,647311
11/1/2001,63948024,20917414,43030610,0.3271,2377223,5771821,21547588,9345903,1962464,10506496,4167125,1954163,5747252,567989
12/1/2001,66694405,20751197,45943208,0.311138,2414526,6127114,22288769,9698779,2097174,11083199,4408872,2072443,6018935,484594
1/1/2002,73248834,19837739,53411095,0.270827,2866224,6822621,24245506,10510440,2301516,12202668,4712829,2361917,6733264,491849
2/1/2002,69604930,19774463,49830467,0.284096,2658406,6217637,23522287,10340443,2079366,11522178,4645340,2105314,6046169,467790
3/1/2002,65400192,21031313,44368879,0.321579,2406971,6092270,21608642,9776876,2042831,10898870,4274439,2069274,5792634,437385
4/1/2002,63257627,20608630,42648997,0.325789,2394788,5838885,20921889,9286438,1934337,10450049,4204682,1934150,5792781,499628
5/1/2002,63382114,21177052,42205062,0.334117,2301323,5783427,20858051,9275330,1951404,10763775,4138893,2015096,5753591,541224
6/1/2002,64219769,22150539,42069230,0.344918,2088223,5526998,21667633,9492292,1945365,10729383,4279134,2063036,5820407,607298
7/1/2002,70649557,23656571,46992986,0.334844,2228644,5902738,23863426,10296506,2199508,12134141,4514295,2303708,6529760,676831
8/1/2002,83372506,22475961,60896545,0.269585,2403377,6598148,28533707,11953664,2391042,14915067,5511488,2601081,7728408,736524
9/1/2002,75577349,22544626,53032723,0.298299,2337002,6192876,25224189,11225856,2175192,13149087,5119906,2308438,7118110,726693
10/1/2002,66224337,22427390,43796947,0.338658,2304716,5926299,21998222,9720446,2011447,11077421,4416882,2008288,6139612,621004
11/1/2002,67257920,21574275,45683645,0.320769,2448802,6091046,22536099,9872971,2087137,11095079,4434522,2029520,6108291,554453
12/1/2002,68103708,21574136,46529572,0.316784,2477675,6324316,22650185,9921669,2156789,11202953,4635450,2145521,6099055,490095
1/1/2003,77523732,20873368,56650364,0.269251,3002061,7138783,25926053,11127379,2392879,12858360,5049464,2437045,7069200,522508
2/1/2003,72328082,20405013,51923069,0.282117,2689083,6484632,24490303,10660284,2162270,11927944,4874379,2200705,6376313,462169
3/1/2003,69577700,21916000,47661700,0.314986,2571547,6446447,23232139,10216725,2179598,11516552,4668355,2201384,6100124,444829
4/1/2003,67170142,21167929,46002213,0.315139,2568745,6159178,22542421,9760126,2042319,11084072,4530090,2034985,5964929,483277
5/1/2003,64453991,21561985,42892006,0.334533,2336771,5885666,21348305,9338329,2010498,10894842,4208041,2035907,5854752,540880
6/1/2003,64221888,22338041,41883847,0.347826,2150679,5652017,21536011,9501246,1978600,10699415,4232933,2023230,5857620,590137
7/1/2003,68922008,22645682,46276326,0.32857,2248818,5941017,23056229,10063084,2053953,11737467,4471244,2210518,6448824,690854
8/1/2003,74574787,21902068,52672719,0.293693,2373611,6167358,24376067,10651563,2224794,13036066,5010198,2448979,7472385,813766
9/1/2003,76035586,22723087,53312499,0.298848,2380338,6105352,24820427,11272778,2197591,13565308,5109983,2411440,7407923,764446
10/1/2003,67908082,22291198,45616884,0.328255,2336367,6077105,22230438,10090260,2020305,11438363,4510457,2078346,6451677,674764
11/1/2003,64819931,21544639,43275292,0.332377,2403815,5897367,21380312,9608696,1984102,10693235,4345506,1969325,5954922,582651
12/1/2003,66412250,21478241,44934009,0.323408,2469645,6217135,22411668,9582584,2126731,10755081,4405308,2101286,5826737,516075
1/1/2004,76151000,20949460,55201540,0.275104,2869732,7067866,24878117,11070061,2410755,12756375,5004569,2461110,7102445,529970
2/1/2004,73542722,21058062,52484660,0.286338,2752995,6682106,24402093,10888543,2295372,12150986,4969844,2275884,6627082,497817
3/1/2004,70092282,22206260,47886022,0.316815,2636671,6694764,23030122,10388361,2279341,11434700,4636177,2222311,6298702,471133
4/1/2004,69004605,21628984,47375621,0.313443,2579366,6396842,22963111,10172417,2051309,11386411,4666888,2096996,6180208,511057
5/1/2004,64815034,21840595,42974439,0.336968,2362252,5909368,21292646,9419592,2024971,10826777,4355042,2070398,6005626,548362
6/1/2004,66692613,23376084,43316529,0.350505,2216097,5863592,22218044,9848321,2076623,11144852,4415153,2123036,6161164,625731
7/1/2004,77542504,24374895,53167609,0.314342,2301276,6424571,26273111,11406984,2334267,13453590,5033947,2500349,7112765,701644
8/1/2004,82155104,22882632,59272472,0.27853,2473356,6730886,27147018,11735011,2492855,14486053,5592922,2592054,8117180,787769
9/1/2004,77925083,23369669,54555414,0.299899,2477105,6350026,26068761,11535148,2279108,13309066,5211998,2433635,7516151,744085
10/1/2004,69488879,22806063,46682816,0.328197,2384132,6106301,22691662,10370984,2094265,11868810,4669089,2152288,6491441,659907
11/1/2004,65568324,22031555,43536769,0.336009,2432612,5991134,21817020,9649883,2083209,10646811,4462029,2006303,5912045,567278
12/1/2004,67361207,21863761,45497446,0.324575,2492619,6239194,22230832,9822497,2170664,11034701,4606530,2145117,6096060,522993
1/1/2005,76395334,21291462,55103872,0.278701,2982150,7249230,24545878,11112579,2506505,12752270,5167880,2463216,7070642,544984
2/1/2005,75250654,21027786,54222868,0.279437,2820765,6907401,25593146,10862304,2329161,12095263,5034634,2307468,6810272,490240
3/1/2005,73228332,22577099,50651233,0.308311,2670380,7160522,23899355,10726957,2431402,11881437,4923740,2320069,6725302,489168
4/1/2005,71095464,21844130,49251334,0.307251,2673384,6523966,23295805,10532915,2149301,11794876,4900736,2192940,6515674,515867
5/1/2005,65122042,21664711,43457331,0.332679,2425588,6055469,21166054,9534765,2096976,10764171,4389179,2092150,6053752,543938
6/1/2005,66502199,23488566,43013633,0.3532,2258319,6037741,21693959,9907890,2150552,11019550,4391407,2184726,6267232,590823
7/1/2005,74766702,23980054,50786648,0.320732,2319839,6255267,24578812,11144944,2291571,12971495,4993063,2424603,7079022,708086
8/1/2005,80646039,23268988,57377051,0.288532,2455904,6863530,26462260,11574483,2485244,13972332,5389716,2646287,8004570,791713
9/1/2005,80287646,23816868,56470778,0.296644,2554762,6631038,26623728,12037616,2379577,13729627,5406038,2420140,7736968,768152
10/1/2005,71068517,23424167,47644350,0.3296,2425584,6231934,23067948,10656075,2151064,11852608,4815835,2218932,6921011,727526
11/1/2005,66955079,22533903,44421176,0.336553,2431639,6220360,21867338,9969423,2171622,10825250,4565921,2094633,6197382,611511
12/1/2005,72662774,22866472,49796302,0.314693,2572230,6816534,23669805,10792262,2433007,11895814,4912203,2347955,6688920,534044
1/1/2006,83207377,22075653,61131724,0.265309,3131735,7900338,27159867,12026896,2747175,13691067,5560193,2634781,7781385,573940
2/1/2006,76621291,21606434,55014857,0.28199,2922686,7129308,25306237,11348643,2430859,12441689,5196231,2354583,6992637,498418
3/1/2006,73623488,23222829,50400659,0.315427,2661764,6998805,23762938,11035291,2479303,12149558,4980628,2355881,6716970,482350
4/1/2006,72448978,22528031,49920947,0.31095,2715074,6742350,23139602,10930434,2261359,12087629,5040854,2229571,6771851,530254
5/1/2006,68040106,22726310,45313796,0.334013,2499483,6350170,22163436,9974359,2200577,11085945,4684444,2182805,6367486,531401
6/1/2006,67986281,24426554,43559727,0.359287,2291498,6142197,22105014,10207894,2153046,11288597,4623372,2190572,6362785,621306
7/1/2006,75230446,25096729,50133717,0.333598,2344762,6385309,24483652,11316188,2320874,12940847,5057722,2436386,7202796,741910
8/1/2006,82075906,24566854,57509052,0.299319,2526702,6975059,26266162,11793814,2597499,14381236,5584281,2741865,8429330,779958
9/1/2006,81040467,24544910,56495557,0.302872,2627320,6751697,26459522,12247654,2383206,13725316,5641080,2492703,7933100,778869
10/1/2006,69947751,24722961,45224790,0.353449,2479616,6317266,22307638,10667642,2184218,11628618,4812973,2206358,6666777,676645
11/1/2006,70000290,24045871,45954419,0.343511,2541329,6549683,22943893,10498045,2211124,11226179,4771078,2130451,6516854,611654
12/1/2006,73084338,24093985,48990353,0.329674,2666586,6972575,23787857,10850079,2401270,11731352,5053622,2309260,6760323,551414
1/1/2007,80207637,23079855,57127782,0.287751,3109748,7616578,25875570,11716974,2595335,13061198,5547900,2555793,7564681,563860
2/1/2007,75683201,22684216,52998985,0.299726,2920683,6998449,24620607,11352835,2392987,12205397,5300507,2351517,7037838,502381
3/1/2007,73677375,24643475,49033900,0.334478,2788973,7148576,23468672,11131549,2498927,11894346,5141647,2333283,6785249,486153
4/1/2007,72243669,23570449,48673220,0.326263,2701695,6774996,23105366,10905824,2295311,11870871,5072742,2204062,6776336,536466
5/1/2007,70027700,23875526,46152174,0.340944,2577588,6640142,22869564,10315969,2236424,11392230,4691732,2211362,6561500,531189
6/1/2007,69981212,25423863,44557349,0.363296,2373763,6387352,22914275,10638981,2239529,11175469,4747908,2242997,6647579,613359
7/1/2007,74508837,25838265,48670572,0.346781,2420747,6450175,23913748,11280730,2347571,12438488,5069265,2433400,7421538,733175
8/1/2007,83907932,25737520,58170412,0.306735,2540401,7161087,27823979,12142804,2576643,14134166,5654236,2729068,8337103,808445
9/1/2007,84446444,25966746,58479698,0.307494,2664005,6974671,27330866,12864728,2511855,14342408,5941725,2707557,8327689,780940
10/1/2007,74244406,25710019,48534387,0.346289,2498282,6706168,23607988,11138317,2307692,12100341,5174158,2392956,7616908,701596
11/1/2007,71100930,24723941,46376989,0.34773,2636538,6700852,22936650,10666350,2324252,11338232,5003848,2201941,6652799,639468
12/1/2007,75215678,24773085,50442593,0.329361,2764644,7076482,24248170,11286404,2491600,12151606,5279171,2383842,6982262,551497
1/1/2008,82930652,23952976,58977676,0.288831,3174367,8070792,26960899,11950867,2694773,13357735,5649388,2701884,7817814,552133
2/1/2008,82770886,24497048,58273838,0.295962,3103781,7702692,27189705,12366338,2706161,13315027,5791011,2585286,7494262,516623
3/1/2008,78165543,25193995,52971548,0.322316,2989179,7426300,24495519,11926379,2572810,12805831,5503441,2474432,7445799,525853
4/1/2008,72045496,24338344,47707152,0.337819,2644697,6761150,23540356,10648944,2344414,11494328,5031975,2282045,6786822,510765
5/1/2008,70625193,24781403,45843790,0.350886,2555897,6660094,22848737,10505025,2259634,11589061,4813581,2273378,6575597,544189
6/1/2008,69875262,25977002,43898260,0.371762,2371799,6455190,22487441,10490167,2232069,11360771,4905173,2234923,6710763,626966
7/1/2008,77204269,27511142,49693127,0.356342,2429925,6703595,24911299,11624154,2544996,12841851,5270538,2598609,7543576,735726
8/1/2008,87188123,25729868,61458255,0.295107,2615873,7262349,28411156,12781636,2574046,14952142,6127646,2851314,8799787,812174
9/1/2008,79185068,26114805,53070263,0.329795,2581173,6769348,25710757,11828665,2409050,13206686,5544403,2521957,7856368,756661
10/1/2008,72681997,25581340,47100657,0.351963,2550552,6580376,23362213,10867468,2266614,11875451,5008602,2272939,7177610,720172
11/1/2008,69694602,23436935,46257667,0.33628,2637511,6519506,22534472,10210155,2233227,11285641,4832247,2159686,6609816,672341
12/1/2008,70771267,21551631,49219636,0.304525,2662995,6746930,23369514,10056106,2306041,11271457,4804955,2335039,6697383,520847
1/1/2009,77835737,19471168,58364569,0.250157,3144611,7226025,24755015,11033695,2530377,13036269,5166643,2630242,7736147,576713
2/1/2009,72733023,18038326,54694697,0.248007,2874971,6821705,24261871,10065291,2267983,11754305,4934111,2307500,6942670,502616
3/1/2009,69094608,19035999,50058609,0.275506,2768528,6595010,22763543,9622767,2185758,11199533,4782344,2233680,6446497,496948
4/1/2009,68388931,19359330,49029601,0.283077,2642374,6521988,22697396,9563398,2095040,11132203,4480966,2156782,6572685,526099
5/1/2009,64538690,19979899,44558791,0.30958,2496339,6021607,20999588,9219214,2019139,10739984,4201253,2098890,6201100,541576
6/1/2009,64361596,21565785,42795811,0.335072,2201531,5971706,21169534,9263337,2060103,10557487,4209513,2097265,6237812,593308
7/1/2009,72294998,23036794,49258204,0.31865,2343910,6166266,23931857,10371087,2245468,12172062,4786620,2395553,7166916,715259
8/1/2009,77794115,22096970,55697145,0.284044,2485623,6569055,25461558,11049196,2266026,13443029,5232559,2527662,7924095,835312
9/1/2009,73767142,22538113,51229029,0.305531,2477193,6238003,24034469,10695751,2179980,12344920,5015638,2354984,7636653,789551
10/1/2009,68140892,22727158,45413734,0.333532,2409139,6239138,21983224,9866260,2099675,11260014,4654014,2197813,6727439,704176
11/1/2009,67292886,21991107,45301779,0.326797,2598029,6247856,21874408,9764404,2139219,10985711,4569592,2097291,6398423,617953
12/1/2009,70482092,21950843,48531249,0.311439,2622708,6795644,23082426,9959526,2358760,11313166,4909796,2258349,6639999,541718
1/1/2010,81431186,21572315,59858871,0.264915,3261626,7725162,25986854,11560339,2686284,13502606,5579634,2618124,7928918,581639
2/1/2010,76725951,21223992,55501959,0.276621,2981083,7258534,25215393,11013586,2521983,12361041,5266028,2371167,7217946,519190
3/1/2010,73297443,22827167,50470276,0.311432,2931304,7236725,23730733,10522893,2503474,11792304,5005472,2322271,6739681,512586
4/1/2010,74205018,22294345,51910673,0.300443,2779860,6987071,24300628,10626825,2358424,12149266,5106211,2352932,6992445,551356
5/1/2010,68866811,22463139,46403672,0.326182,2646582,6517913,22271753,9792171,2198318,11381261,4715956,2209655,6574572,558630
6/1/2010,67600159,24149462,43450697,0.35724,2268798,6345915,21872690,9871309,2232949,11141125,4674672,2174854,6414700,603147
7/1/2010,76928653,25361674,51566979,0.329678,2450796,6611020,25759103,11275971,2469397,12930617,5135673,2518617,7052048,725411
8/1/2010,84928032,24668570,60259462,0.290464,2582477,7417055,27770747,12104342,2650553,14690907,5695434,2769121,8448386,799010
9/1/2010,85722947,24881405,60841542,0.290254,2627055,7216667,28684798,12420161,2533601,14536201,5821563,2660771,8452231,769899
10/1/2010,71432902,24035720,47397182,0.33648,2461570,6412602,22943386,10537992,2193561,12013989,4895489,2259746,6997305,717262
11/1/2010,68515086,23038011,45477075,0.336247,2552180,6467249,22203969,9955766,2283036,11135264,4701295,2130639,6468831,616857
12/1/2010,71868508,23099837,48768671,0.321418,2680571,6989739,22914124,10320916,2476619,11742536,5038490,2322269,6843362,539882
1/1/2011,83849805,22815126,61034679,0.272095,3310185,7942759,26382945,11891333,2838540,14015115,5808568,2771350,8288558,600452
2/1/2011,80256010,22192142,58063868,0.276517,3024851,7571270,25961476,11470658,2674962,13024445,5611020,2495342,7885450,536536
3/1/2011,72243881,21398175,50845706,0.296194,2917485,6226494,22321046,10643949,2633344,12317043,5190770,2435062,7055895,502793
4/1/2011,69352198,20920035,48432163,0.301649,2702670,5568529,20956972,10387371,2380496,12313311,5139772,2347984,7019921,535172
5/1/2011,64365476,21712659,42652817,0.337334,2507133,5544206,19629459,9356884,2195881,11230984,4607061,2199679,6544452,549737
6/1/2011,64174737,23466042,40708695,0.365659,2276517,5519705,19606036,9626432,2229958,11015648,4599533,2174481,6509076,617351
7/1/2011,73103665,24165952,48937713,0.330571,2363054,5919768,22926372,11100834,2450919,12855953,5072712,2480490,7191441,742122
8/1/2011,75311611,23243861,52067750,0.308636,2465617,6164948,23092073,11180218,2470798,13292382,5283797,2560417,8018837,782524
9/1/2011,75925807,23488333,52437474,0.309359,2550245,6169267,23968261,11541120,2362043,13195344,5268574,2447336,7688088,735529
10/1/2011,66907585,23263458,43644127,0.347695,2447193,5777632,20510086,10245631,2164742,11424938,4664932,2204353,6776984,691094
11/1/2011,64822918,22518812,42304106,0.34739,2496598,5818051,20488861,9677034,2173595,10720489,4408420,2097668,6335912,606290
12/1/2011,69349371,22211004,47138367,0.320277,2737349,6522573,21816343,10211952,2407352,11405170,4846217,2264947,6574925,562543
1/1/2012,80768654,21625558,59143096,0.267747,3398532,7538922,25743217,11593217,2768472,13138863,5474502,2683633,7852997,576299
2/1/2012,79107951,22044784,57063167,0.278667,3103716,7538197,25210353,11596843,2747325,12805602,5427335,2504697,7653693,520190
3/1/2012,76618698,22854394,53764304,0.298287,3095981,7222676,24281716,11379604,2546709,12629038,5277335,2478442,7185716,521481
4/1/2012,70316667,22142707,48173960,0.3149,2765635,6496959,21783450,10654457,2311347,11812949,4926329,2236511,6789788,539242
5/1/2012,65498056,22117792,43380264,0.337686,2560220,5954029,20627425,9662393,2105094,10977504,4469564,2127202,6457919,556706
6/1/2012,64042735,23006316,41036419,0.359234,2206286,5805323,19998126,9753830,2092958,10541629,4484090,2101111,6433431,625951
7/1/2012,68488162,23758341,44729821,0.346897,2267614,5927703,21451697,10403120,2287782,11494639,4748526,2315975,6871695,719411
8/1/2012,77592810,22939835,54652975,0.295644,2352020,6482895,24728354,11400790,2474080,13515686,5334211,2546357,7976318,782099
9/1/2012,76392995,23004880,53388115,0.301139,2449062,6558790,24777429,11471779,2352075,12860755,5242117,2384746,7531917,764325
10/1/2012,65957363,22499632,43457731,0.341124,2330453,5954562,21162855,9905691,2074134,10829947,4463778,2089222,6519563,627158
11/1/2012,64373027,21457930,42915097,0.333337,2474916,5853113,20353556,9619518,2121987,10633469,4409988,2031635,6289861,584984
12/1/2012,71526475,21282508,50243967,0.297547,2638161,6728051,22730922,10446795,2484177,11741700,4966027,2284776,6961960,543906
1/1/2013,79810011,20779309,59030702,0.26036,3277680,7820257,24557293,11437517,2743568,13299971,5562155,2646556,7902298,562716
2/1/2013,76120205,20423645,55696560,0.268308,3016777,7169573,24659461,11170784,2574013,12275895,5165564,2366453,7210917,510768
3/1/2013,71471264,21711327,49759937,0.303777,2845081,7081282,22202396,10625766,2454118,11770333,4874895,2279558,6841314,496521
4/1/2013,66133217,21262272,44870945,0.321507,2694753,6248294,20658235,9743507,2202948,10887543,4600410,2110416,6451489,535622
5/1/2013,65084676,21714834,43369842,0.33364,2565887,6172286,19951084,9764760,2152733,11024142,4471003,2108730,6329293,544758
6/1/2013,63866380,22724650,41141730,0.355816,2168911,5755087,19804357,9754020,2118971,10520679,4518184,2106428,6461241,658502
7/1/2013,70205121,23941868,46263253,0.341027,2208207,6075726,22211398,10575742,2351174,11729778,4819177,2359966,7144306,729647
8/1/2013,78532599,22871166,55661433,0.291231,2393349,6304643,24988048,11623317,2398315,13612728,5518888,2599978,8275147,818186
9/1/2013,74333939,22748547,51585392,0.306032,2391753,6145467,24065669,11329398,2217102,12371084,5088250,2300609,7627440,797167
10/1/2013,66360403,23030323,43330080,0.347049,2254767,5941164,20783728,10157957,2130237,10934898,4557149,2123497,6775212,701794
11/1/2013,65371785,21737875,43633910,0.332527,2488017,6014943,20520789,9899621,2150697,10780124,4491165,2008497,6406775,611157
12/1/2013,68767684,21694899,47072785,0.315481,2492999,6493273,21548922,10205453,2438768,11141522,4929892,2225538,6746117,545200
1/1/2014,80416531,21491722,58924809,0.267255,3160828,7750548,24726045,11833218,2813962,13317845,5598893,2608143,8014379,592670
2/1/2014,76451101,20940442,55510659,0.273906,3028730,7386428,24365659,11311923,2564673,12336540,5341871,2362245,7239590,513442
3/1/2014,73017753,22319323,50698430,0.30567,2787649,7164107,23068148,10870778,2538596,11756977,5045089,2300002,6978810,507597
4/1/2014,66467057,21426895,45040162,0.322369,2688376,6326549,20669239,9952095,2205739,10825701,4675421,2060144,6536317,527476
5/1/2014,63280170,21710926,41569244,0.343092,2395204,5954036,19444091,9578043,2088427,10518035,4502427,2032568,6214166,553173
6/1/2014,62804330,22707062,40097268,0.361552,2104255,5745533,19636531,9627687,2116326,10236365,4436313,2009272,6266227,625821
7/1/2014,68011781,23683014,44328767,0.348219,2177678,5949059,21632689,10442247,2287177,11211582,4657921,2221835,6703147,728446
8/1/2014,74770075,22389828,52380247,0.299449,2371251,6421910,24090374,11135706,2327685,12628520,5135096,2376591,7472063,810879
9/1/2014,68281147,22416362,45864785,0.328295,2277325,5910021,21305217,10489454,2159750,11380739,4782067,2165885,7034069,776620
10/1/2014,63780740,22499499,41281241,0.352763,2269232,5853693,19645315,9801416,2080377,10442256,4468753,2031715,6452577,735406
11/1/2014,63088994,21474571,41614423,0.340385,2415804,5892880,19533445,9606939,2124155,10219365,4483763,2002484,6183652,626507
12/1/2014,67878960,21574732,46304228,0.317841,2490302,6703869,21401726,10021129,2493756,10718089,4820160,2248786,6455367,525776
1/1/2015,80182281,21109601,59072680,0.26327,3190487,7889073,24308550,11838828,2890369,13163703,5708416,2620841,7979368,592646
2/1/2015,74191268,20397369,53793899,0.27493,2849292,7055134,23607213,11061780,2579184,11922749,5189840,2307050,7095511,523515
3/1/2015,70261883,21796521,48465362,0.310218,2580944,6921397,21771552,10519575,2531417,11223041,5007704,2314973,6886172,505108
4/1/2015,66550080,21002653,45547427,0.315592,2498661,6315288,20842573,10087437,2254888,10770007,4667115,2062434,6510902,540775
5/1/2015,61452367,20986465,40465902,0.341508,2278446,5734875,18694989,9464395,2076597,10119013,4316055,2022451,6173547,571999
6/1/2015,61013366,22073025,38940341,0.361774,1988302,5566235,19079888,9439108,2106509,9770998,4288348,1997408,6117718,658852
7/1/2015,65926315,23278440,42647875,0.353098,2091606,6017704,20463001,10187228,2295660,10725667,4653703,2174913,6531024,785809
8/1/2015,74633452,21940347,52693105,0.293975,2270842,6413984,23913231,11400424,2376052,12421674,5228696,2410288,7386529,811732
9/1/2015,66270370,21665444,44604926,0.326925,2180173,5806834,20654314,10429489,2111531,10857819,4650266,2088976,6746752,744216
10/1/2015,61240779,21686364,39554415,0.354116,2151083,5723525,18760276,9650605,2060098,9757192,4349787,1961776,6121929,704508
11/1/2015,60716671,20925883,39790788,0.344648,2330722,5802219,18441165,9485581,2089652,9631339,4338630,1940439,6030807,626117
12/1/2015,63604246,20599296,43004950,0.323867,2399761,6351820,19788400,9529685,2318044,9837687,4643851,2057780,6114911,562307
1/1/2016,73205156,20441436,52763720,0.279235,2973097,7248623,22016908,10867740,2702127,11677302,5271858,2443674,7428603,575224
2/1/2016,72899139,20273742,52625397,0.278107,2742088,7182481,23006046,10838904,2600908,11169710,5275523,2315253,7226799,541427
3/1/2016,69545218,21053124,48492094,0.302726,2687301,6893493,21414398,10586346,2525858,10777749,5035016,2279211,6820139,525707
4/1/2016,58545200,18652032,39893168,0.318592,2378366,6187870,20836760,9758167,2179840,10600023,4599351.5,2062890,6131029,602059
5/1/2016,58811604,19936046,38875559,0.3389815,2256014,5989310,21119130,9800853,2122049,10752014,4383206.5,2096130,6417597,697359
6/1/2016,61108328,21974188,39134140,0.359594,2221429,6048350,21756700,10475729,2220917,11200125,4418385,2191590,6866646,796932
7/1/2016,69938478,24290350,45648128,0.34731025,2360767,6534730,24659770,11824805,2487683,13368729,5131577,2599010,8199305,884861
8/1/2016,73325236,21636426,51688810,0.29507475,2493385,6957610,26002490,12177544,2576061,14011219,5422640,2729580,8591063,869261
9/1/2016,65495658,20670282,44825376,0.31559775,2303040,6323260,23659840,11312880,2337368,12174676,4679351.5,2317930,7196230,788481
10/1/2016,61702973,21519714,40183259,0.348763,2438273,6295900,21779780,10467499,2261425,11266863,4530482,2176730,6865104,778369
11/1/2016,63462992,21432991,42030000,0.33772425,2781977,6892490,22935570,10539724,2421991,11223879,4678307.5,2150970,6603837,595858
12/1/2016,70332956,22062323,48270633,0.313684,3202403,7637990,24933510,11585429,2688504,12642586,5315068,2440020,7464675,581289
1/1/2017,75199173,20118035,55081138,0.26753,3292927,8228670,26605520,12388853,2918101,13625010,5701580.5,2615600,7969481,576422
2/1/2017,68844125,18850399,49993726,0.27381275,2884071,7462180,23993200,11577300,2718363,12572308,5461395,2390060,7235187,535876
3/1/2017,70290436,21480599,48809837,0.30559775,2827377,7632920,25147440,11893031,2728445,12665153,5159092,2436140,7375434,578989
4/1/2017,59566944,19032532,40534412,0.319515,2379915,6231550,21207160,10065591,2288635,10783418,4531588,2088590,6330564,569609
5/1/2017,58632668,19894380,38738289,0.339305375,2220008,6018360,20999720,9824449,2171524,10761967,4450358,2041830,6300084,645670
6/1/2017,60424434,21733702,38690732,0.359684,2147409,5963960,21733330,10394784,2215780,11008947,4548422,2107940,6581725,731281
7/1/2017,74012027,25712782,48299245,0.347413563,2433207,6918300,26843090,12377974,2615844,13819131,5609451,2635790,8454531,889994
8/1/2017,72592968,21410021,51182947,0.294932438,2344549,6646480,25731150,12150094,2569995,13838515,5616584,2676620,8513834,925822
9/1/2017,62301766,19887499,42414267,0.319212438,2226785,6074650,22328540,10737438,2275647,11386303,4708437,2150880,6820681,819317
10/1/2017,62051887,21759906,40291981,0.35067275,2407763,6384320,22158360,10532426,2303746,11186946,4711177,2169420,6643319,752336
11/1/2017,64363684,21807772,42555912,0.338821063,2659549,6889910,22767710,10862456,2502746,11545176,5017985,2250230,6737369,596644
12/1/2017,75551074,24003955,51547119,0.31771825,3246445,8147050,26577930,12471225,2949499,13513826,5986285,2640150,8200371,582105
1/1/2018,78387945,21111637,57276308,0.2693225,3226140,8467830,27806940,12765602,3113063,14094852,6131303,2756090,8527289,591721
2/1/2018,72223505,19875110,52348395,0.275188938,2981964,7777610,25535640,11961114,2864536,13043377,5647267,2533300,7709950,546565
3/1/2018,67730354,20729074,47001280,0.306052938,2878963,7362030,23806250,11399385,2667866,12183495,5283168,2353880,7081863,570074
4/1/2018,58759947,18745422,40014525,0.319017,2382569,6240710,20759030,9947317,2262864,10593601,4540925,1994850,6282904,571243
5/1/2018,59685592,20336178,39349415,0.340721719,2276434,6109680,21348720,10053231,2200520,10879376,4502609,2033490,6505548,699423
6/1/2018,62597113,22575712,40021402,0.360651,2194797,6233490,22570110,10753280,2268282,11395173,4701525,2134020,6827031,780577
7/1/2018,77579969,27076201,50503768,0.349010203,2396403,7235570,28795320,13142711,2739367,14590635,5763803,2640450,8449502,825368
8/1/2018,76397952,22602930,53795022,0.295857797,2367666,6963350,28083690,12782178,2647596,14342059,5860906,2668240,8702408,841907
9/1/2018,63216357,20387752,42828605,0.322507547,2051070,6093170,22928870,10921706,2266666,11448530,4857789,2199190,7001364,781004
10/1/2018,61481908,21615729,39866180,0.351578688,2314279,6311100,22040050,10610761,2302728,11105393,4711811,2111050,6466252,640294
11/1/2018,61694719,21000548,40694171,0.340394578,2531948,6645090,21700720,10487050,2377523,11042056,4817340,2086260,6571677,591550
12/1/2018,72044744,22930226,49114519,0.318277563,3145521,7906520,25793940,11837363,2762845,12733351,5553487,2414650,7663432,590718
1/1/2019,75961385,20497373,55464013,0.269839375,3246234,8371150,27319940,12536577,2913779,13573770,5794239,2538450,7905459,573194
2/1/2019,67970149,18726433,49243715,0.275509672,2913998,7434350,24289920,11375349,2618491,12233467,5203462,2272580,6990620,522347
3/1/2019,67409923,20637458,46772465,0.306148672,2761886,7250350,23758140,11509433,2592461,12309199,5123207,2290400,7064441,569856
4/1/2019,60216403,19159595,41056808,0.318179,2365285,6432340,21381990,10277726,2317523,10979935,4539790,2017280,6305530,584016
5/1/2019,58554918,19916235,38638684,0.340129148,2198848,6037570,20903440,10006584,2132847,10796626,4325520,1966210,6336601,642955
6/1/2019,60602119,21842564,38759555,0.36042575,2122573,5972330,21655540,10469110,2168969,11262339,4528966,2080080,6641430,730537
7/1/2019,68981084,24088747,44892337,0.349208004,2338927,6652720,24608480,11837745,2474206,12872823,5208393,2389450,7728304,871738
8/1/2019,74620183,22009969,52610214,0.294959996,2385102,7156790,27920820,12422299,2596516,13929932,5481577,2512210,7989960,880807
9/1/2019,66454960,21336075,45118885,0.321060684,2214743,6178610,24047880,11594753,2314214,12373517,5034912,2322920,7293234,788853
10/1/2019,61049334,21445570,39603765,0.351282609,2310263,6105910,21895980,10456171,2192666,11066220,4674528,2136900,6571589,720739
11/1/2019,61150393,20815409,40334984,0.340396973,2588457,6538410,21961360,10278030,2286570,10772939,4746639,2101400,6368962,600980
12/1/2019,70448565,22429886,48018679,0.318386703,3070698,7537130,25566860,11456472,2594920,12440043,5499171,2400560,7467543,587096
1/1/2020,71962170,19536414,52425757,0.271481719,3138465,7760140,26228480,11746264,2653126,12649978,5519369,2429270,7609594,574988
2/1/2020,68073124,18764669,49308455,0.27565459,2945058,7388070,23946550,11484744,2619241,12281023,5282637,2333920,7140795,547466
